{"e_shd": [49.439998626708984, 49.689998626708984, 50.970001220703125, 49.08000183105469, 48.369998931884766, 48.849998474121094, 48.689998626708984, 47.150001525878906, 49.13999938964844, 48.93000030517578, 50.880001068115234, 49.72999954223633, 48.630001068115234, 49.970001220703125, 48.25, 47.34000015258789, 49.63999938964844, 49.68000030517578, 49.90999984741211, 49.650001525878906], "e_f1": [0.1389017143475214, 0.13712230658523594, 0.12709177273457065, 0.13055508252656658, 0.15296926419860385, 0.15542871307564451, 0.15709540764171082, 0.16839002022365823, 0.12792087355277054, 0.12426598043909637, 0.11339956235217198, 0.1279893232366044, 0.152381264570689, 0.13558701351380745, 0.1708333127178717, 0.1555368898054626, 0.16062960267014798, 0.13927040879315877, 0.1282805501091366, 0.13088553320591653]}