{"e_shd": [61.25, 38.13999938964844, 40.130001068115234, 48.2400016784668, 61.58000183105469, 52.619998931884766, 31.959999084472656, 44.06999969482422, 45.40999984741211, 53.0, 34.47999954223633, 25.25, 35.939998626708984, 53.650001525878906, 50.65999984741211, 36.16999816894531, 61.650001525878906, 41.099998474121094, 53.86000061035156, 60.2599983215332], "e_f1": [0.14994046317847226, 0.11948498854989048, 0.150224046243651, 0.12654474126073348, 0.14291296521011504, 0.1309298832512144, 0.14115238015136744, 0.0990014487947055, 0.13083326565369713, 0.10578611380275701, 0.1784902288426785, 0.12610221785174497, 0.13717042465689683, 0.13761803546938256, 0.1243824963288237, 0.1209060898659785, 0.15086656217079036, 0.1463029881990448, 0.1341058105314909, 0.1542477907596761]}