{"e_shd": [30.540000915527344, 29.649999618530273, 31.09000015258789, 33.61000061035156, 28.549999237060547, 35.099998474121094, 33.11000061035156, 28.520000457763672, 31.260000228881836, 31.540000915527344, 30.450000762939453, 31.260000228881836, 31.440000534057617, 34.36000061035156, 32.09000015258789, 31.030000686645508, 28.690000534057617, 28.950000762939453, 33.02000045776367, 30.239999771118164], "e_f1": [0.14865308325241317, 0.19002256236968917, 0.14795985229097897, 0.12994533478820267, 0.20122936605734484, 0.12099455592740961, 0.12084129727110002, 0.2016447829579082, 0.15675193212591593, 0.12731727461781628, 0.1535538945378246, 0.16566134579789554, 0.13813429898134688, 0.11348298886573638, 0.13919560243403914, 0.1691879858875747, 0.2099193232285099, 0.19089176128113114, 0.11278125020313816, 0.15414696443701728]}