{"e_shd": [23.809999465942383, 21.889999389648438, 24.68000030517578, 25.829999923706055, 25.40999984741211, 22.6299991607666, 24.520000457763672, 25.40999984741211, 24.56999969482422, 24.979999542236328, 24.510000228881836, 23.75, 25.030000686645508, 22.979999542236328, 25.15999984741211, 26.3799991607666, 22.639999389648438, 26.260000228881836, 24.579999923706055, 23.770000457763672], "e_f1": [0.1186480802614598, 0.1633109962916863, 0.09965855019975091, 0.09062518773864159, 0.10870040664515634, 0.16142399373087069, 0.09393791271063766, 0.0882283993161325, 0.1272129008893741, 0.10971479251399108, 0.11672296266481881, 0.1472818075240594, 0.09832210079641773, 0.14210537184692826, 0.08658339756596986, 0.09135508962913112, 0.16527753779391186, 0.09159466097524921, 0.10300382473219692, 0.10314733971941821]}