{"e_shd": [25.83, 19.97, 22.36, 22.17, 23.99, 25.57, 21.36, 24.17, 24.77, 24.78, 20.35, 23.14, 25.1, 20.33, 26.12, 17.61, 23.14, 21.13, 21.48, 26.79], "e_f1": [0.13007931501762177, 0.3703919751908345, 0.19873867523570626, 0.2851071404589138, 0.3201592187654423, 0.11902072701817824, 0.13932273480297883, 0.1793549875790119, 0.23439249475083193, 0.08148501508775513, 0.4123357395672253, 0.2786676752299827, 0.2771088929405817, 0.16659597483975294, 0.1493113983377617, 0.43655233906419944, 0.07778405859695699, 0.2974543737624865, 0.15065272140452535, 0.24727164789654538]}