{"e_shd": [20.040000915527344, 16.530000686645508, 19.3799991607666, 18.059999465942383, 17.030000686645508, 19.969999313354492, 20.40999984741211, 17.350000381469727, 17.75, 19.09000015258789, 17.760000228881836, 18.639999389648438, 17.920000076293945, 19.010000228881836, 18.989999771118164, 16.75, 17.43000030517578, 16.860000610351562, 18.770000457763672, 18.639999389648438], "e_f1": [0.2690072051504838, 0.42971825923042983, 0.22616349094491958, 0.292017831027876, 0.3734477107548153, 0.23752970951947716, 0.20002536483987857, 0.31444781131467786, 0.35453497258107936, 0.17581323523497436, 0.4106312966278402, 0.26854407452227247, 0.28902344591548224, 0.2046843483408701, 0.2627911675908436, 0.38547324883520245, 0.32034092275651493, 0.3458219588604522, 0.24620619122118373, 0.29856283707694453]}