{"e_shd": [8.899999618530273, 8.710000038146973, 10.359999656677246, 9.420000076293945, 9.520000457763672, 8.75, 8.239999771118164, 9.75, 9.430000305175781, 9.149999618530273, 9.420000076293945, 8.399999618530273, 9.0600004196167, 10.390000343322754, 9.800000190734863, 9.859999656677246, 8.960000038146973, 9.239999771118164, 9.710000038146973, 9.930000305175781], "e_f1": [0.3510451264421852, 0.35773954803366564, 0.2916621855956221, 0.2723738026679203, 0.2768412127088597, 0.4100521581102076, 0.3752088334781833, 0.22232963115316057, 0.33553802716031816, 0.24905661005661003, 0.25365146128381416, 0.37370486049897805, 0.2912218614718614, 0.2652243244371727, 0.244490342990343, 0.17451948051948055, 0.30392476641006044, 0.2417302697302697, 0.17117415917415923, 0.2677144424203247]}