{"e_shd": [48.75, 23.309999465942383, 29.719999313354492, 34.900001525878906, 52.380001068115234, 45.709999084472656, 19.34000015258789, 29.549999237060547, 30.280000686645508, 38.459999084472656, 25.100000381469727, 11.229999542236328, 21.81999969482422, 41.709999084472656, 37.2599983215332, 21.920000076293945, 50.939998626708984, 30.40999984741211, 42.34000015258789, 49.70000076293945], "e_f1": [0.25966553301524936, 0.26343154935202473, 0.2568022673046867, 0.3147882976660179, 0.20695979793208819, 0.233907158553324, 0.266820596116137, 0.20360633465858866, 0.3077979437274534, 0.29916494994826004, 0.319861310105177, 0.2489537805675576, 0.3663105103020937, 0.2682577148980926, 0.2142513438660061, 0.3235185087761699, 0.3002430995257588, 0.2417504411081685, 0.23309335971949793, 0.2692277105775263]}