{"e_shd": [37.33000183105469, 38.91999816894531, 38.25, 35.619998931884766, 36.279998779296875, 37.900001525878906, 35.959999084472656, 39.5099983215332, 36.40999984741211, 37.70000076293945, 38.029998779296875, 38.119998931884766, 37.7400016784668, 38.29999923706055, 34.689998626708984, 36.90999984741211, 35.400001525878906, 39.060001373291016, 36.40999984741211, 37.04999923706055], "e_f1": [0.26084669298002927, 0.24173038246800121, 0.21735990531001273, 0.2736300330042163, 0.2752277095419126, 0.28071749622925823, 0.2832073304548193, 0.28031071959006715, 0.2923144138519848, 0.28452284269694983, 0.23955311689302203, 0.22673042652298084, 0.31066902124909124, 0.21895430623059145, 0.3259612267835712, 0.2544124496481817, 0.2923475015796201, 0.2542211865122488, 0.27982314394558944, 0.20904893502709349]}