{"e_shd": [32.25, 31.399999618530273, 33.060001373291016, 33.0099983215332, 30.149999618530273, 33.689998626708984, 32.84000015258789, 28.93000030517578, 31.68000030517578, 32.689998626708984, 30.65999984741211, 30.770000457763672, 33.43000030517578, 34.33000183105469, 31.559999465942383, 31.450000762939453, 31.420000076293945, 29.5, 31.399999618530273, 31.209999084472656], "e_f1": [0.13466303532444437, 0.16617618780333795, 0.13302688908105118, 0.10891675135460427, 0.18886182994322379, 0.12278571032442001, 0.11390022293737598, 0.18020853177158233, 0.12675365137559377, 0.116903563289359, 0.12980142948538076, 0.15349218597374162, 0.14905578165657768, 0.09874440377885088, 0.1305328436806946, 0.16324551161303763, 0.17650301497835755, 0.171258190153241, 0.12382229329428387, 0.14213709845043268]}