{"e_shd": [49.58000183105469, 50.90999984741211, 51.349998474121094, 50.86000061035156, 49.4900016784668, 49.52000045776367, 50.08000183105469, 48.04999923706055, 48.7400016784668, 49.16999816894531, 50.970001220703125, 50.290000915527344, 48.599998474121094, 50.68000030517578, 48.959999084472656, 48.7599983215332, 48.70000076293945, 49.22999954223633, 50.529998779296875, 50.060001373291016], "e_f1": [0.13767927347534398, 0.11362872402767041, 0.12174692430771547, 0.11461736150317606, 0.13132132385394324, 0.1139329687354269, 0.13081459401299006, 0.17275127939487217, 0.16417041566946267, 0.13585154533998478, 0.11165510320752489, 0.11565632725121303, 0.13758639102866266, 0.1313487535761265, 0.13503651288534077, 0.1688887407262726, 0.1629847757390471, 0.14388737488260195, 0.11075212902818884, 0.1083589888856125]}