{"e_shd": [24.450000762939453, 21.1299991607666, 23.950000762939453, 23.920000076293945, 23.049999237060547, 21.65999984741211, 23.68000030517578, 24.31999969482422, 24.100000381469727, 23.15999984741211, 22.670000076293945, 23.459999084472656, 24.719999313354492, 22.18000030517578, 25.329999923706055, 24.459999084472656, 21.950000762939453, 24.549999237060547, 25.3700008392334, 22.040000915527344], "e_f1": [0.09059987370763783, 0.14893343693670555, 0.10783169047480473, 0.10165972765105451, 0.1419685402271095, 0.16940346579323937, 0.09428143196822218, 0.08876334123216373, 0.1110802377129193, 0.13222908075527, 0.12677155364220707, 0.12343388732615011, 0.09748939227745618, 0.14901048280295603, 0.07945935984538828, 0.08620047321835932, 0.1514992893800767, 0.08762445710139335, 0.07408179349201652, 0.10831167731967717]}