{"e_shd": [61.63999938964844, 36.11000061035156, 40.2400016784668, 47.130001068115234, 61.45000076293945, 51.439998626708984, 33.400001525878906, 44.13999938964844, 45.08000183105469, 53.220001220703125, 34.5, 26.3799991607666, 35.34000015258789, 54.630001068115234, 49.65999984741211, 36.25, 61.029998779296875, 40.84000015258789, 52.5099983215332, 59.63999938964844], "e_f1": [0.14261336973010721, 0.12249897252452073, 0.1591513410715941, 0.12165545306701855, 0.13750468508470076, 0.1343755401748177, 0.13357825199901313, 0.10305007745109843, 0.14236744123733786, 0.10489207473196287, 0.17836828366770782, 0.10069328019740965, 0.1359262862113717, 0.14384919150358824, 0.13538278705226078, 0.11199239849772834, 0.1567982385243782, 0.14703457998943428, 0.14525525222846056, 0.13928090804829896]}