{"SHD": 67.375, "F1": 0.11090803485671333, "log_prob_1e_8": -439.61712646484375, "log_prob_1e_7": -393.5654602050781, "log_prob_1e_6": -347.51397705078125, "log_prob_1e_5": -301.464599609375, "log_prob_1e_4": -255.43655395507812, "log_prob_1e_3": -209.6217498779297, "log_prob_1e_2": -166.01751708984375, "log_prob_1e_1": -150.0501708984375, "AUC": 0.5268055555555555}