{"SHD": 66.34375, "F1": 0.11752477346575871, "log_prob_1e_8": -360.7581481933594, "log_prob_1e_7": -326.2193908691406, "log_prob_1e_6": -291.6807556152344, "log_prob_1e_5": -257.1432800292969, "log_prob_1e_4": -222.61770629882812, "log_prob_1e_3": -188.21316528320312, "log_prob_1e_2": -155.20962524414062, "log_prob_1e_1": -145.81922912597656, "AUC": 0.5483333333333333}