{"SHD": 74.875, "F1": 0.08514873765118308, "log_prob_1e_8": -407.5278625488281, "log_prob_1e_7": -368.3839111328125, "log_prob_1e_6": -329.2401123046875, "log_prob_1e_5": -290.0972595214844, "log_prob_1e_4": -250.964599609375, "log_prob_1e_3": -211.93650817871094, "log_prob_1e_2": -174.20782470703125, "log_prob_1e_1": -161.095703125, "AUC": 0.4712847222222222}