{"SHD": 73.25, "F1": 0.11021119355854804, "log_prob_1e_8": -369.86566162109375, "log_prob_1e_7": -335.326904296875, "log_prob_1e_6": -300.78826904296875, "log_prob_1e_5": -266.25091552734375, "log_prob_1e_4": -231.7265625, "log_prob_1e_3": -197.3340606689453, "log_prob_1e_2": -164.4556884765625, "log_prob_1e_1": -156.57778930664062, "AUC": 0.5249652777777778}