{"SHD": 72.8125, "F1": 0.10588290831096558, "log_prob_1e_8": -432.14984130859375, "log_prob_1e_7": -388.4007263183594, "log_prob_1e_6": -344.65179443359375, "log_prob_1e_5": -300.9043884277344, "log_prob_1e_4": -257.1728515625, "log_prob_1e_3": -213.6013946533203, "log_prob_1e_2": -171.8238525390625, "log_prob_1e_1": -157.00579833984375, "AUC": 0.5011458333333333}