{"SHD": 61.4375, "F1": 0.15040644775152562, "log_prob_1e_8": -272.7665100097656, "log_prob_1e_7": -249.74066162109375, "log_prob_1e_6": -226.71490478515625, "log_prob_1e_5": -203.6898651123047, "log_prob_1e_4": -180.67251586914062, "log_prob_1e_3": -157.734130859375, "log_prob_1e_2": -135.81393432617188, "log_prob_1e_1": -135.02316284179688, "AUC": 0.6502083333333333}