{"SHD": 81.375, "F1": 0.08144086367527817, "log_prob_1e_8": -430.12652587890625, "log_prob_1e_7": -388.6800537109375, "log_prob_1e_6": -347.23370361328125, "log_prob_1e_5": -305.788818359375, "log_prob_1e_4": -264.3592834472656, "log_prob_1e_3": -223.0848388671875, "log_prob_1e_2": -183.56619262695312, "log_prob_1e_1": -171.51681518554688, "AUC": 0.4593055555555555}