{"SHD": 67.375, "F1": 0.15420887007748982, "log_prob_1e_8": -228.62515258789062, "log_prob_1e_7": -212.50706481933594, "log_prob_1e_6": -196.3890838623047, "log_prob_1e_5": -180.27194213867188, "log_prob_1e_4": -164.1636199951172, "log_prob_1e_3": -148.14566040039062, "log_prob_1e_2": -133.2344207763672, "log_prob_1e_1": -139.77748107910156, "AUC": 0.6555902777777778}