{"SHD": 87.21875, "F1": 0.07899410472258864, "log_prob_1e_8": -405.20184326171875, "log_prob_1e_7": -368.3604736328125, "log_prob_1e_6": -331.519287109375, "log_prob_1e_5": -294.6794738769531, "log_prob_1e_4": -257.8542175292969, "log_prob_1e_3": -221.17578125, "log_prob_1e_2": -186.1662139892578, "log_prob_1e_1": -178.1348114013672, "AUC": 0.42531250000000004}