{"SHD": 83.75, "F1": 0.11283047530998788, "log_prob_1e_8": -318.4546813964844, "log_prob_1e_7": -293.12628173828125, "log_prob_1e_6": -267.7979431152344, "log_prob_1e_5": -242.47055053710938, "log_prob_1e_4": -217.15277099609375, "log_prob_1e_3": -191.93389892578125, "log_prob_1e_2": -167.9645233154297, "log_prob_1e_1": -168.7373809814453, "AUC": 0.5134027777777779}