{"SHD": 86.21875, "F1": 0.08877706794259516, "log_prob_1e_8": -434.0757751464844, "log_prob_1e_7": -392.6292724609375, "log_prob_1e_6": -351.18292236328125, "log_prob_1e_5": -309.73809814453125, "log_prob_1e_4": -268.3089599609375, "log_prob_1e_3": -227.0387725830078, "log_prob_1e_2": -187.57034301757812, "log_prob_1e_1": -176.26934814453125, "AUC": 0.43364583333333334}