{"SHD": 75.21875, "F1": 0.1183665395810193, "log_prob_1e_8": -245.466796875, "log_prob_1e_7": -229.34869384765625, "log_prob_1e_6": -213.23065185546875, "log_prob_1e_5": -197.1128692626953, "log_prob_1e_4": -180.99807739257812, "log_prob_1e_3": -164.91661071777344, "log_prob_1e_2": -149.46322631835938, "log_prob_1e_1": -154.2442626953125, "AUC": 0.5578819444444445}