{"SHD": 63.53125, "F1": 0.1480712025013079, "log_prob_1e_8": -265.435791015625, "log_prob_1e_7": -244.71249389648438, "log_prob_1e_6": -223.98922729492188, "log_prob_1e_5": -203.26583862304688, "log_prob_1e_4": -182.5415496826172, "log_prob_1e_3": -161.812255859375, "log_prob_1e_2": -141.39321899414062, "log_prob_1e_1": -139.795166015625, "AUC": 0.6118055555555556}