{"SHD": 63.21875, "F1": 0.17007514577594426, "log_prob_1e_8": -256.74700927734375, "log_prob_1e_7": -236.02374267578125, "log_prob_1e_6": -215.30056762695312, "log_prob_1e_5": -194.5782470703125, "log_prob_1e_4": -173.8643798828125, "log_prob_1e_3": -153.23782348632812, "log_prob_1e_2": -133.70977783203125, "log_prob_1e_1": -135.99261474609375, "AUC": 0.6572916666666666}