{"SHD": 85.40625, "F1": 0.07182226910863257, "log_prob_1e_8": -465.10015869140625, "log_prob_1e_7": -419.0484619140625, "log_prob_1e_6": -372.9970397949219, "log_prob_1e_5": -326.947509765625, "log_prob_1e_4": -280.9181823730469, "log_prob_1e_3": -235.091552734375, "log_prob_1e_2": -191.42733764648438, "log_prob_1e_1": -176.98199462890625, "AUC": 0.4055902777777778}