{"SHD": 77.9375, "F1": 0.0977539125516706, "log_prob_1e_8": -375.8492431640625, "log_prob_1e_7": -341.3104553222656, "log_prob_1e_6": -306.7718505859375, "log_prob_1e_5": -272.2344665527344, "log_prob_1e_4": -237.70977783203125, "log_prob_1e_3": -203.31454467773438, "log_prob_1e_2": -170.42584228515625, "log_prob_1e_1": -162.91311645507812, "AUC": 0.4839930555555555}