{"SHD": 55.0, "F1": 0.13702745646093822, "log_prob_1e_8": -349.32171630859375, "log_prob_1e_7": -314.782958984375, "log_prob_1e_6": -280.2442626953125, "log_prob_1e_5": -245.70631408691406, "log_prob_1e_4": -211.1763153076172, "log_prob_1e_3": -176.72789001464844, "log_prob_1e_2": -143.33944702148438, "log_prob_1e_1": -131.59234619140625, "AUC": 0.6270486111111111}