{"SHD": 78.625, "F1": 0.08399049969777286, "log_prob_1e_8": -472.28857421875, "log_prob_1e_7": -423.9342956542969, "log_prob_1e_6": -375.58026123046875, "log_prob_1e_5": -327.22821044921875, "log_prob_1e_4": -278.896728515625, "log_prob_1e_3": -230.7713165283203, "log_prob_1e_2": -184.8374786376953, "log_prob_1e_1": -167.9766387939453, "AUC": 0.4521527777777778}