{"SHD": 72.90625, "F1": 0.1085046066750634, "log_prob_1e_8": -321.6313781738281, "log_prob_1e_7": -294.0003662109375, "log_prob_1e_6": -266.3694152832031, "log_prob_1e_5": -238.73916625976562, "log_prob_1e_4": -211.11590576171875, "log_prob_1e_3": -183.56570434570312, "log_prob_1e_2": -157.0087890625, "log_prob_1e_1": -152.60012817382812, "AUC": 0.5067361111111112}