{"SHD": 83.0, "F1": 0.08462224993356579, "log_prob_1e_8": -429.9339904785156, "log_prob_1e_7": -388.48748779296875, "log_prob_1e_6": -347.0411376953125, "log_prob_1e_5": -305.59661865234375, "log_prob_1e_4": -264.17034912109375, "log_prob_1e_3": -222.9279327392578, "log_prob_1e_2": -183.6719207763672, "log_prob_1e_1": -172.49447631835938, "AUC": 0.43354166666666666}