{"SHD": 90.65625, "F1": 0.093881173189075, "log_prob_1e_8": -469.80401611328125, "log_prob_1e_7": -423.7523193359375, "log_prob_1e_6": -377.70086669921875, "log_prob_1e_5": -331.6514892578125, "log_prob_1e_4": -285.6234130859375, "log_prob_1e_3": -239.80931091308594, "log_prob_1e_2": -196.29226684570312, "log_prob_1e_1": -183.83230590820312, "AUC": 0.4129166666666666}