{"SHD": 84.71875, "F1": 0.08092463798032964, "log_prob_1e_8": -448.9188537597656, "log_prob_1e_7": -405.16973876953125, "log_prob_1e_6": -361.42083740234375, "log_prob_1e_5": -317.6735534667969, "log_prob_1e_4": -273.94317626953125, "log_prob_1e_3": -230.38308715820312, "log_prob_1e_2": -188.7088165283203, "log_prob_1e_1": -175.128662109375, "AUC": 0.4183680555555555}