{"SHD": 73.84375, "F1": 0.12712770282221122, "log_prob_1e_8": -379.9613342285156, "log_prob_1e_7": -343.1199645996094, "log_prob_1e_6": -306.27886962890625, "log_prob_1e_5": -269.4397888183594, "log_prob_1e_4": -232.62159729003906, "log_prob_1e_3": -196.0128173828125, "log_prob_1e_2": -161.59689331054688, "log_prob_1e_1": -155.260498046875, "AUC": 0.5544444444444445}