{"SHD": 70.03125, "F1": 0.16191563624404448, "log_prob_1e_8": -214.80795288085938, "log_prob_1e_7": -200.99244689941406, "log_prob_1e_6": -187.17703247070312, "log_prob_1e_5": -173.36236572265625, "log_prob_1e_4": -159.55531311035156, "log_prob_1e_3": -145.82720947265625, "log_prob_1e_2": -133.11917114257812, "log_prob_1e_1": -141.83609008789062, "AUC": 0.6458333333333334}