{"SHD": 88.0625, "F1": 0.0870225470806542, "log_prob_1e_8": -344.458251953125, "log_prob_1e_7": -316.82720947265625, "log_prob_1e_6": -289.1962890625, "log_prob_1e_5": -261.5660095214844, "log_prob_1e_4": -233.94265747070312, "log_prob_1e_3": -206.39207458496094, "log_prob_1e_2": -179.87571716308594, "log_prob_1e_1": -177.70196533203125, "AUC": 0.4462152777777778}