{"e_shd": [14.619999885559082, 12.739999771118164, 12.119999885559082, 14.539999961853027, 14.0, 11.329999923706055, 12.640000343322754, 15.430000305175781, 12.579999923706055, 14.329999923706055, 14.65999984741211, 12.520000457763672, 14.119999885559082, 13.619999885559082, 15.520000457763672, 17.360000610351562, 13.569999694824219, 16.3700008392334, 16.170000076293945, 15.199999809265137], "e_f1": [0.20006810514234122, 0.2702814055935539, 0.2779237088385359, 0.20882374928282857, 0.22223493985537457, 0.3359085905419867, 0.27897945317571105, 0.16233808173325603, 0.29248251569327754, 0.17161722903037346, 0.17631454104068858, 0.29313622993643856, 0.22153242471397672, 0.21479436823925988, 0.1478445214841096, 0.13566053390082197, 0.2531026060693916, 0.13678304772108782, 0.11920877588258798, 0.17080392362681365]}