{"e_shd": [38.16999816894531, 37.88999938964844, 39.529998779296875, 37.869998931884766, 39.5099983215332, 36.15999984741211, 37.599998474121094, 37.56999969482422, 36.36000061035156, 37.95000076293945, 38.36000061035156, 39.79999923706055, 36.83000183105469, 36.7599983215332, 36.34000015258789, 35.4900016784668, 36.970001220703125, 37.400001525878906, 37.540000915527344, 40.0], "e_f1": [0.20483172365927632, 0.20855263281305472, 0.16581515629118634, 0.19643429657310338, 0.17205048887459407, 0.24986792996485835, 0.21193894237319813, 0.2128276603670432, 0.24196957139161912, 0.2029897997454661, 0.19207955959419884, 0.16387712648115688, 0.23058545984242237, 0.22203110981826896, 0.2542429422527826, 0.23766182038177783, 0.205096170693001, 0.2077944240007697, 0.21079393515786793, 0.16367481608117743]}