{"e_shd": [51.150001525878906, 26.149999618530273, 28.780000686645508, 35.18000030517578, 53.27000045776367, 40.36000061035156, 22.3799991607666, 31.84000015258789, 32.540000915527344, 38.599998474121094, 24.770000457763672, 15.920000076293945, 21.149999618530273, 41.65999984741211, 38.33000183105469, 22.809999465942383, 51.31999969482422, 31.15999984741211, 42.709999084472656, 50.40999984741211], "e_f1": [0.17356168894552226, 0.172460833693774, 0.2455697179666139, 0.20414078784422784, 0.13779066168475126, 0.21867519957688997, 0.2256864182353387, 0.1872624581499062, 0.22759892591120184, 0.23448462168052, 0.26055678771180985, 0.20404524767495558, 0.2897185427504246, 0.21721376340241808, 0.1894398070218033, 0.27298009960466146, 0.19956983584600313, 0.2108626823096262, 0.19410228698536897, 0.1713393107640417]}