{"e_shd": [19.5, 16.520000457763672, 22.1299991607666, 20.489999771118164, 16.780000686645508, 22.6299991607666, 22.350000381469727, 19.81999969482422, 19.600000381469727, 23.40999984741211, 18.18000030517578, 22.06999969482422, 20.729999542236328, 24.020000457763672, 20.3700008392334, 17.8700008392334, 21.059999465942383, 18.299999237060547, 21.559999465942383, 19.280000686645508], "e_f1": [0.2744096193400602, 0.38196485243945216, 0.20573246057646238, 0.23108498051849719, 0.4013878523560345, 0.19481007698486663, 0.1925647063063952, 0.2586058054126948, 0.2672380108677842, 0.14856997326886454, 0.3663093516039844, 0.19337175049505773, 0.28250667278684033, 0.14684040707954243, 0.2446914683041999, 0.3148239934189322, 0.23173276493545267, 0.3218518307376108, 0.21217442823020766, 0.2785720012302728]}