{"e_shd": [41.5099983215332, 53.189998626708984, 73.30599975585938, 60.27000045776367, 45.42599868774414, 53.78799819946289, 48.88999938964844, 54.41999816894531, 66.50599670410156, 46.22200012207031, 45.61199951171875, 50.11000061035156, 51.87799835205078, 67.7040023803711, 74.10399627685547, 65.58399963378906, 70.90399932861328, 52.27799987792969, 70.98799896240234, 38.242000579833984, 57.305999755859375, 64.9020004272461, 45.619998931884766, 56.29199981689453, 54.78200149536133, 48.99399948120117, 65.73400115966797, 62.428001403808594, 49.492000579833984, 60.9119987487793, 62.43000030517578, 52.7859992980957, 56.1879997253418, 73.93399810791016, 71.32599639892578, 58.895999908447266, 67.3479995727539, 64.09200286865234, 62.79800033569336, 56.560001373291016, 67.35399627685547, 51.70199966430664, 65.81600189208984, 49.58000183105469, 61.481998443603516, 78.47200012207031, 54.75600051879883, 71.85199737548828, 49.88800048828125, 61.444000244140625, 53.61600112915039, 71.62999725341797, 53.0260009765625, 51.608001708984375, 71.60600280761719, 52.082000732421875, 61.37799835205078, 74.26599884033203, 71.47799682617188, 62.26599884033203, 48.88399887084961, 70.04000091552734, 51.981998443603516, 45.051998138427734, 75.54199981689453, 68.96800231933594, 47.624000549316406, 50.608001708984375, 72.89399719238281, 76.41400146484375, 64.5459976196289, 51.04199981689453, 68.31400299072266, 58.52000045776367, 50.25600051879883, 74.6259994506836, 59.98400115966797, 67.55599975585938, 59.49800109863281, 41.24599838256836, 67.73400115966797, 56.69200134277344, 78.25, 66.14800262451172, 49.87200164794922, 75.83000183105469, 57.262001037597656, 41.801998138427734, 72.18199920654297, 57.63800048828125, 62.040000915527344, 58.99800109863281, 77.00199890136719, 60.54600143432617, 74.98999786376953, 52.66600036621094, 71.98999786376953, 71.97000122070312, 68.35399627685547, 64.36599731445312], "e_f1": [0.20855881240266153, 0.18836677390782097, 0.2643504530255567, 0.22793277086249633, 0.24000578162022396, 0.24714026434592143, 0.24265791256456576, 0.24591320159919355, 0.3100765232686033, 0.22045694678317926, 0.18180223321171854, 0.19507094425939714, 0.27293868961737455, 0.23196746327003323, 0.2653003006642023, 0.2507838315141015, 0.22631387738669712, 0.21496423630054814, 0.2854512789243504, 0.26224111898255226, 0.23950380794158826, 0.22158772914889766, 0.2119600404480237, 0.2198797359006592, 0.26396463791630914, 0.17876103921425168, 0.258901421594361, 0.2399960791870047, 0.22825501682172322, 0.2287847110849865, 0.22631164992627825, 0.2713687001280772, 0.26410271291154513, 0.22699113235449125, 0.23365486933315346, 0.20445877276205668, 0.2724644611365496, 0.20390189405649364, 0.20331452853654947, 0.23055153918243737, 0.27051371568783095, 0.2144269553160699, 0.25988524589743733, 0.1947309790649176, 0.2841448264187002, 0.25361620978922095, 0.26085733870303895, 0.26219458220984065, 0.2541838367157743, 0.24821035996337226, 0.2440620085088188, 0.2292544269582989, 0.20398331647868895, 0.23147196909412288, 0.19369890642332485, 0.2369791855688624, 0.21309123171258426, 0.2425343109947413, 0.28979074878438915, 0.2012530945475935, 0.217921423175477, 0.23719298864280072, 0.21899530584334906, 0.18979122971009094, 0.2226302415606764, 0.2217449732720379, 0.21689197990678105, 0.19651042938837748, 0.26317916097731947, 0.2855973172672433, 0.2509495839795835, 0.19579155188096833, 0.2389355885417023, 0.2281907985984875, 0.18121967667016545, 0.2430540263469565, 0.25683776871817554, 0.24106518152448667, 0.20924046722819317, 0.1743322533601403, 0.2567646407564673, 0.21885537071311836, 0.20138563741287224, 0.2085973356595991, 0.16414396168125214, 0.2447451929227052, 0.17153857916267193, 0.2156011283805172, 0.28297574149050114, 0.24823165814219744, 0.21600425741272475, 0.2283834478865051, 0.23241373104935292, 0.21618340125662683, 0.2619806601021202, 0.20350754763418363, 0.22351456839634665, 0.23391309325318316, 0.22911835746205722, 0.2686815567291794], "auc": [0.8516447368421052, 0.7786666666666667, 0.7619911526417814, 0.7290645642446197, 0.8537881044583457, 0.7677886497064579, 0.8204954954954955, 0.8107923497267759, 0.8305964874123213, 0.8715789473684211, 0.8258778258778259, 0.7676000397180022, 0.8221807065217391, 0.7512285714285714, 0.8091096995361968, 0.7886504731480924, 0.762176193534575, 0.7825858903750328, 0.792969387200261, 0.8691447368421052, 0.7991586627950266, 0.7154828411811651, 0.8603467772333206, 0.7960531747997688, 0.8357080546670543, 0.7921221258952129, 0.7725714927804933, 0.725483695979748, 0.8635859929078015, 0.7720990035358406, 0.7386177995596278, 0.8268643522982964, 0.8042308810700785, 0.7037743147656941, 0.7665706051873199, 0.7628819444444445, 0.7972480106100795, 0.7812227391683629, 0.7544559723330673, 0.721110575377692, 0.818655303030303, 0.8100659912631285, 0.7867538688282978, 0.8497340425531915, 0.7887408836115967, 0.7735722451414085, 0.8115625, 0.7786034255599473, 0.8603030021377452, 0.7695589863852517, 0.8233861587670834, 0.7202696728558798, 0.7874331550802138, 0.8632250102838338, 0.7465259608116752, 0.7743089038894246, 0.7370745295196683, 0.82941498086386, 0.8318209316394434, 0.7615963070508525, 0.8200111534529231, 0.7815326703747402, 0.7665130568356375, 0.8578947368421053, 0.7084057971014492, 0.8064050601817735, 0.8492063492063492, 0.7628338794558633, 0.798498023715415, 0.8005882352941177, 0.8034777891627991, 0.8432131863767253, 0.7957730100587244, 0.7936986301369863, 0.8384308510638299, 0.7691422433635108, 0.8185240429007742, 0.7942300129220743, 0.7289628180039139, 0.7114587259705993, 0.7917579639305579, 0.802352241847826, 0.6849275362318841, 0.7534272300469483, 0.7164228723404256, 0.7528921568627451, 0.7479237695602763, 0.7440318302387269, 0.8101121262458473, 0.8181689040414802, 0.7844506517690875, 0.825091575091575, 0.7502205882352941, 0.7373776908023484, 0.8114930182599355, 0.782608695652174, 0.7770380358447104, 0.7677959751659174, 0.7863363110287095, 0.8220122574055159], "log_prob": [-62.34088134765625, -80.98687744140625, -142.78704833984375, -112.17408752441406, -73.47686767578125, -96.20106506347656, -82.16635131835938, -92.38632202148438, -120.65861511230469, -64.418701171875, -70.02371978759766, -83.50344848632812, -86.02763366699219, -131.98033142089844, -135.55014038085938, -115.87353515625, -139.17257690429688, -88.75405883789062, -126.64283752441406, -57.43571472167969, -100.63310241699219, -116.58757781982422, -66.25933074951172, -93.43142700195312, -94.9371109008789, -72.3232192993164, -127.5959243774414, -128.02191162109375, -71.31476593017578, -99.2880859375, -108.72825622558594, -89.59423828125, -98.97344970703125, -140.00579833984375, -133.23345947265625, -113.14359283447266, -125.27960968017578, -106.36422729492188, -114.28756713867188, -101.56123352050781, -115.31796264648438, -85.84521484375, -116.31466674804688, -74.54403686523438, -115.50415802001953, -142.3690185546875, -102.47268676757812, -134.69979858398438, -76.7093505859375, -116.86103820800781, -97.37644958496094, -136.7578125, -83.99424743652344, -75.4716796875, -131.3760528564453, -93.10160827636719, -113.92764282226562, -136.3315887451172, -129.37510681152344, -104.07499694824219, -81.49644470214844, -127.49375915527344, -87.22981262207031, -65.7487564086914, -146.6232147216797, -116.65653228759766, -68.63351440429688, -84.19996643066406, -129.136474609375, -140.931396484375, -115.47352600097656, -78.77040100097656, -121.9277114868164, -99.61700439453125, -75.38314056396484, -139.38584899902344, -100.59246826171875, -125.61116027832031, -115.18507385253906, -73.15209197998047, -126.63336944580078, -91.71993255615234, -151.1180419921875, -121.51994323730469, -85.55538940429688, -149.61285400390625, -94.82725524902344, -77.98927307128906, -131.24380493164062, -99.82034301757812, -113.2987289428711, -95.29080963134766, -150.4463348388672, -102.79766845703125, -132.7806396484375, -91.34634399414062, -129.4641571044922, -140.38546752929688, -126.9002456665039, -105.59017944335938]}