{"e_shd": [58.20399856567383, 58.56800079345703, 60.0359992980957, 64.82599639892578, 64.98400115966797, 63.986000061035156, 61.566001892089844, 57.94200134277344, 60.27000045776367, 65.2040023803711, 66.5999984741211, 61.900001525878906, 60.40599822998047, 61.18199920654297, 64.49199676513672, 63.880001068115234, 59.59199905395508, 55.81999969482422, 63.43600082397461, 56.32600021362305, 57.2140007019043, 59.38399887084961, 59.12200164794922, 61.301998138427734, 58.88999938964844, 60.16400146484375, 62.66600036621094, 60.77799987792969, 58.95399856567383, 61.1879997253418, 61.63999938964844, 66.46199798583984, 57.78799819946289, 58.2239990234375, 57.01599884033203, 64.21399688720703, 61.53799819946289, 63.92599868774414, 57.74399948120117, 59.53200149536133, 58.75199890136719, 61.316001892089844, 60.125999450683594, 59.70600128173828, 60.70600128173828, 61.82400131225586, 62.630001068115234, 63.24800109863281, 62.119998931884766, 60.49599838256836, 59.15999984741211, 64.37000274658203, 60.900001525878906, 59.194000244140625, 61.8380012512207, 61.257999420166016, 62.0620002746582, 57.79800033569336, 61.00199890136719, 60.678001403808594, 59.332000732421875, 59.36399841308594, 62.54800033569336, 55.189998626708984, 60.9379997253418, 58.80400085449219, 61.349998474121094, 59.60599899291992, 56.86000061035156, 64.44200134277344, 59.928001403808594, 56.832000732421875, 68.91600036621094, 60.6879997253418, 61.95000076293945, 56.82400131225586, 58.50600051879883, 55.263999938964844, 59.36399841308594, 63.33599853515625, 60.42599868774414, 62.641998291015625, 62.05400085449219, 60.84600067138672, 64.13400268554688, 60.54999923706055, 55.65999984741211, 59.52399826049805, 59.470001220703125, 58.2400016784668, 58.2400016784668, 62.566001892089844, 62.38399887084961, 61.32400131225586, 58.13399887084961, 63.7599983215332, 62.1619987487793, 59.236000061035156, 63.25600051879883, 57.507999420166016], "e_f1": [0.26498192246527763, 0.22185280851034486, 0.22574153784609893, 0.21400408556341374, 0.17067282556953306, 0.19564485236260232, 0.2313156673125693, 0.23727587675574893, 0.2149915867809588, 0.19463122971808502, 0.17324437891656155, 0.1874778321198743, 0.21186924381758795, 0.1921570668032135, 0.18955083593640829, 0.17938101303673615, 0.24583978016225574, 0.3066790394900743, 0.2097910238226778, 0.2704271420252836, 0.2268398642259666, 0.28914727603326057, 0.2737339290148204, 0.2318751625742895, 0.2852333201178478, 0.2361121291075698, 0.24846814965522254, 0.21463855849039754, 0.2468817674463087, 0.23558930687860524, 0.2406637561062293, 0.18535228139488277, 0.24213804234833242, 0.24649923733009133, 0.27289719119905936, 0.19370432456828063, 0.23126390577932704, 0.19883868038670738, 0.23823688135936277, 0.24655362626167138, 0.24435778266922087, 0.23449730380685904, 0.23607338395572658, 0.23018648689296867, 0.22970478566922461, 0.2548423901193074, 0.23115188352129556, 0.23500775552113135, 0.23712300742650466, 0.2509569303879019, 0.2999785517713093, 0.19318066841144288, 0.20980515316540427, 0.23044295239242474, 0.2557940702367577, 0.1870412458288142, 0.223876125665307, 0.25781494617884915, 0.18648726550062178, 0.21500602166111815, 0.2919544852651653, 0.22898502955121286, 0.27113428301710224, 0.32356447982124914, 0.25003422308925266, 0.2568646176723386, 0.23143644070492903, 0.25371107872012055, 0.24309407674465622, 0.22275291390351715, 0.2640469626742297, 0.26453875007863054, 0.18519316617788673, 0.2445820092591377, 0.2574054627415072, 0.2725516574119638, 0.2996172085287938, 0.24185119039104563, 0.2929849589076328, 0.20367931108304776, 0.21874109968515737, 0.2496210295616733, 0.24093302841632516, 0.24091747286319543, 0.20926590399415762, 0.21674981445770913, 0.28858249334785896, 0.2613362694325522, 0.2706368664016081, 0.25467260838608147, 0.26354049280203784, 0.23556760516658223, 0.2565131985308181, 0.27765200868031065, 0.23040201935321558, 0.1738574416005369, 0.22211819614297915, 0.2057065853899173, 0.2519778568365736, 0.25532318745851973], "auc": [0.8315277777777776, 0.7699652777777777, 0.7998263888888889, 0.7441666666666668, 0.721875, 0.7336458333333333, 0.8067361111111111, 0.8412847222222222, 0.74875, 0.7618402777777777, 0.7580902777777777, 0.7153124999999999, 0.7776388888888889, 0.7294791666666667, 0.7649652777777778, 0.7251388888888888, 0.8252777777777778, 0.8550000000000001, 0.7770486111111111, 0.8406944444444444, 0.8497569444444444, 0.8465277777777779, 0.8146180555555556, 0.7850347222222221, 0.7913888888888888, 0.8077083333333334, 0.7692013888888889, 0.7928472222222223, 0.8111458333333333, 0.8243402777777777, 0.7987152777777778, 0.7415277777777778, 0.7896875, 0.8097569444444446, 0.8727430555555555, 0.7532291666666666, 0.7730208333333333, 0.692361111111111, 0.8299305555555555, 0.8079166666666667, 0.8347222222222221, 0.8084375, 0.7992361111111111, 0.7952777777777776, 0.8265277777777778, 0.8162152777777778, 0.7747916666666667, 0.8176736111111111, 0.8564583333333333, 0.806701388888889, 0.8340972222222223, 0.7569444444444445, 0.7532986111111111, 0.7993055555555556, 0.8167708333333333, 0.7486458333333335, 0.7348263888888888, 0.8028819444444445, 0.7586111111111111, 0.7265625000000001, 0.8131944444444444, 0.8054513888888889, 0.8069791666666666, 0.8928125, 0.805763888888889, 0.8421527777777779, 0.7978472222222222, 0.8044791666666667, 0.8090625, 0.7630208333333333, 0.8303125, 0.7853125, 0.7318402777777777, 0.8366319444444443, 0.8309375, 0.8284027777777778, 0.8787152777777777, 0.8406250000000001, 0.8644444444444445, 0.8105902777777777, 0.7814930555555556, 0.7971180555555556, 0.7988888888888889, 0.7910763888888889, 0.7802083333333334, 0.7754861111111111, 0.8336111111111111, 0.8612847222222222, 0.8416666666666666, 0.8080902777777778, 0.790138888888889, 0.8190277777777777, 0.7985763888888888, 0.8659027777777778, 0.7988541666666668, 0.7101041666666665, 0.7750694444444444, 0.7591666666666665, 0.8226388888888889, 0.7861458333333333], "log_prob": [-98.67074584960938, -107.85720825195312, -103.80859375, -112.82646179199219, -116.36109924316406, -113.62940979003906, -104.11457824707031, -98.61174011230469, -111.60274505615234, -113.5997314453125, -112.84042358398438, -128.46815490722656, -108.0754623413086, -113.23753356933594, -112.62396240234375, -115.93606567382812, -101.44572448730469, -93.05416107177734, -109.65774536132812, -98.5022201538086, -99.0997085571289, -95.90154266357422, -100.77548217773438, -105.78515625, -101.50294494628906, -103.95892333984375, -111.55084991455078, -105.96403503417969, -104.84015655517578, -101.34874725341797, -104.28337097167969, -113.75634765625, -103.7047119140625, -103.01358032226562, -93.0158462524414, -115.0118179321289, -109.35799407958984, -118.28103637695312, -101.11581420898438, -105.91622924804688, -100.12736511230469, -104.34514617919922, -104.73426055908203, -106.15412139892578, -102.84498596191406, -102.81059265136719, -108.87764739990234, -103.47547912597656, -99.39739990234375, -114.97694396972656, -98.82306671142578, -111.6153335571289, -110.50824737548828, -106.49991607666016, -101.44561767578125, -112.99988555908203, -113.6656723022461, -102.0888671875, -112.3539047241211, -113.49087524414062, -100.41146850585938, -104.09407806396484, -104.48644256591797, -87.40982055664062, -102.29107666015625, -100.34107971191406, -104.51959991455078, -103.83111572265625, -103.45965576171875, -111.65682220458984, -98.7674789428711, -102.88672637939453, -115.55587768554688, -101.34518432617188, -101.08881378173828, -97.87043762207031, -91.75127410888672, -99.86224365234375, -93.2573471069336, -106.57300567626953, -107.56330108642578, -104.5438461303711, -108.46217346191406, -104.66273498535156, -109.56644439697266, -110.3458251953125, -96.42890167236328, -97.07174682617188, -98.323974609375, -102.08631134033203, -104.73058319091797, -104.11079406738281, -103.97765350341797, -96.15850830078125, -104.22352600097656, -118.61309814453125, -108.03410339355469, -111.83988189697266, -102.001708984375, -104.49137115478516]}