{"e_shd": [45.28200149536133, 43.55799865722656, 46.58399963378906, 47.900001525878906, 42.16999816894531, 47.41999816894531, 44.17399978637695, 40.54999923706055, 44.95000076293945, 44.53799819946289, 40.79800033569336, 50.29600143432617, 41.720001220703125, 46.492000579833984, 44.933998107910156, 44.965999603271484, 37.7140007019043, 41.27000045776367, 46.49800109863281, 48.487998962402344, 45.77000045776367, 48.641998291015625, 45.19599914550781, 46.37799835205078, 41.65599822998047, 45.13399887084961, 41.31800079345703, 42.667999267578125, 44.513999938964844, 55.49800109863281, 45.46200180053711, 46.321998596191406, 45.821998596191406, 44.5260009765625, 47.540000915527344, 46.36399841308594, 43.75199890136719, 45.47600173950195, 43.0620002746582, 46.698001861572266, 47.582000732421875, 40.9739990234375, 44.88800048828125, 41.04399871826172, 44.284000396728516, 53.13999938964844, 43.06800079345703, 43.604000091552734, 39.27399826049805, 38.21799850463867, 40.15999984741211, 42.9379997253418, 41.97600173950195, 48.06399917602539, 43.56399917602539, 52.59600067138672, 46.198001861572266, 49.81999969482422, 46.65999984741211, 43.13600158691406, 44.858001708984375, 44.395999908447266, 48.50199890136719, 42.034000396728516, 46.81999969482422, 46.518001556396484, 47.14400100708008, 49.257999420166016, 44.61800003051758, 46.06999969482422, 44.27199935913086, 46.02199935913086, 44.67599868774414, 42.391998291015625, 47.02000045776367, 47.00400161743164, 45.79600143432617, 42.36600112915039, 40.720001220703125, 46.95800018310547, 42.928001403808594, 44.05799865722656, 45.60200119018555, 47.27000045776367, 45.284000396728516, 47.38399887084961, 46.683998107910156, 46.9640007019043, 47.279998779296875, 46.20199966430664, 40.18199920654297, 50.736000061035156, 48.90599822998047, 43.380001068115234, 47.16400146484375, 43.99399948120117, 41.52000045776367, 45.597999572753906, 43.433998107910156, 47.880001068115234], "e_f1": [0.17698402760112142, 0.21128400110842413, 0.19415673609081513, 0.15806392930621382, 0.185792357117622, 0.14787245964089937, 0.19638021825099608, 0.23215314747377097, 0.19863472682605152, 0.22739434534593933, 0.24880758880348303, 0.1369363104919999, 0.22939744737773804, 0.20331521153089, 0.19469581306227046, 0.20427471901404318, 0.24383942424042074, 0.21549034093133254, 0.18046650764326586, 0.16465437277035766, 0.19244175487596912, 0.20448837390451713, 0.222082957001833, 0.19405795226428485, 0.20603187478037233, 0.22545655398567394, 0.2023901665581413, 0.18399788455219984, 0.19522890934308515, 0.1611332009069187, 0.19178030937637333, 0.20922304616526835, 0.18787890147468433, 0.2159441401761647, 0.18277403903731346, 0.22414381746661535, 0.18864368730134393, 0.15657354521025105, 0.24945359578736417, 0.1141421531468631, 0.15191646106771123, 0.21455027053267064, 0.21407115746342453, 0.2747702841867191, 0.19091329916766822, 0.15035980518358047, 0.19126965154573716, 0.20683561355728672, 0.24824754486651027, 0.28474340343696974, 0.1970205259061074, 0.17450387951433818, 0.20596397668400696, 0.1636511381004207, 0.1896091416431901, 0.1313516318676812, 0.17102298294977836, 0.21072730543941995, 0.1842286340636335, 0.21803834131746908, 0.2037657992733791, 0.19285890500534333, 0.14879510926280193, 0.19698385998245801, 0.15217469698398872, 0.18342712577753528, 0.17606374613198142, 0.1644577538318, 0.18733720014259678, 0.17301419255615244, 0.17661151069465766, 0.22712078678308767, 0.2128435293227039, 0.23693498323447174, 0.18198658080478344, 0.1640230265456867, 0.1974463094043057, 0.1780440471338178, 0.2516371426771911, 0.15688305377662323, 0.21077773173984576, 0.172592417156351, 0.1740924879275007, 0.19980503247159775, 0.1505947361720723, 0.15817562954136224, 0.1761424123584735, 0.17189587412633361, 0.19670826110438708, 0.19841993556263665, 0.23510118943354946, 0.15195386020349094, 0.18413255654270427, 0.1917577964902077, 0.17897068095306787, 0.17756451978041346, 0.24500563678714296, 0.188824229054177, 0.19966852210242894, 0.1736334130380591], "auc": [0.7851973684210526, 0.7717763157894736, 0.8605921052631579, 0.7686184210526317, 0.8505263157894737, 0.7493421052631578, 0.7886842105263158, 0.8407894736842106, 0.8517763157894737, 0.8711842105263159, 0.8332236842105263, 0.7459868421052631, 0.8244736842105264, 0.7452631578947368, 0.8373684210526315, 0.7901315789473684, 0.9102631578947369, 0.8194736842105264, 0.8701973684210527, 0.8588157894736842, 0.7563157894736842, 0.8520394736842106, 0.796578947368421, 0.7566447368421052, 0.8258552631578948, 0.8450657894736843, 0.8513815789473684, 0.8803947368421052, 0.8697368421052631, 0.8030921052631579, 0.809342105263158, 0.8169078947368421, 0.8126315789473684, 0.8473026315789474, 0.8314473684210525, 0.845328947368421, 0.810592105263158, 0.8371710526315789, 0.8993421052631578, 0.7120394736842105, 0.7557236842105263, 0.8793421052631579, 0.8455921052631579, 0.8884210526315789, 0.7851315789473684, 0.6957236842105263, 0.8345394736842106, 0.8869736842105264, 0.8586842105263157, 0.9007236842105263, 0.8578947368421053, 0.8005263157894736, 0.8557894736842105, 0.7784868421052632, 0.8013157894736842, 0.7936842105263158, 0.7871710526315789, 0.8185526315789473, 0.8056578947368421, 0.8539473684210527, 0.8061842105263157, 0.8303947368421053, 0.7736184210526316, 0.8255263157894737, 0.7843421052631578, 0.840328947368421, 0.8088157894736842, 0.8267763157894736, 0.8099342105263158, 0.8680263157894738, 0.8228947368421052, 0.8709210526315789, 0.8625657894736842, 0.863421052631579, 0.8309868421052631, 0.8332894736842105, 0.8266447368421053, 0.7465131578947369, 0.8244736842105264, 0.8378289473684211, 0.8350657894736843, 0.8332894736842106, 0.8628289473684211, 0.7961842105263157, 0.7690789473684211, 0.7654605263157894, 0.8309868421052632, 0.9067105263157894, 0.8367105263157895, 0.8150000000000001, 0.8436842105263158, 0.7693421052631579, 0.8399342105263159, 0.7790789473684211, 0.7909868421052632, 0.7726973684210526, 0.9015131578947367, 0.8153947368421053, 0.8899342105263158, 0.7703947368421052],