{"e_shd": [82.55000305175781, 75.22000122070312, 77.50199890136719, 73.89800262451172, 74.08200073242188, 72.13400268554688, 74.16200256347656, 74.41000366210938, 76.77400207519531, 74.48799896240234, 76.7040023803711, 75.93800354003906, 78.65799713134766, 74.99400329589844, 74.66000366210938, 75.66999816894531, 73.2020034790039, 71.8280029296875, 73.58999633789062, 75.34400177001953, 77.48600006103516, 75.00800323486328, 78.69599914550781, 74.74199676513672, 75.71199798583984, 76.77400207519531, 76.06999969482422, 72.41600036621094, 78.31600189208984, 74.6780014038086, 73.91400146484375, 74.91000366210938, 79.81600189208984, 77.30999755859375, 77.05599975585938, 81.97000122070312, 79.48400115966797, 73.58000183105469, 77.23799896240234, 74.86799621582031, 78.77200317382812, 77.36799621582031, 73.68599700927734, 71.75599670410156, 73.95600128173828, 74.55000305175781, 73.66000366210938, 78.44200134277344, 77.00599670410156, 79.34400177001953, 73.73799896240234, 75.54000091552734, 80.29199981689453, 76.15799713134766, 78.2760009765625, 73.24199676513672, 73.17400360107422, 77.06600189208984, 78.72200012207031, 68.86599731445312, 73.23200225830078, 76.56600189208984, 80.02400207519531, 75.802001953125, 77.73999786376953, 74.8239974975586, 74.24199676513672, 74.33000183105469, 73.38200378417969, 74.00399780273438, 79.78399658203125, 76.93199920654297, 75.57599639892578, 77.37799835205078, 77.66799926757812, 72.47000122070312, 73.08200073242188, 77.76200103759766, 76.39199829101562, 77.94999694824219, 76.93000030517578, 75.62799835205078, 77.21600341796875, 77.84600067138672, 72.80999755859375, 75.62799835205078, 79.697998046875, 78.08799743652344, 77.51799774169922, 71.51000213623047, 76.86000061035156, 73.1780014038086, 79.55799865722656, 77.01599884033203, 79.22200012207031, 75.47799682617188, 73.62200164794922, 74.66200256347656, 77.66400146484375, 73.5780029296875], "e_f1": [0.24160560466726733, 0.30741023286214897, 0.25933625032181906, 0.24300049026279613, 0.2869877169130386, 0.28213796073744113, 0.2791561980043569, 0.2599487352634084, 0.21890279442536853, 0.28457553242713735, 0.22759613082679309, 0.2987415062744205, 0.2155528134940926, 0.2557892983843178, 0.2803851218245522, 0.21519138740929758, 0.29739928709565916, 0.29410461247482295, 0.2777550851737376, 0.26694141370657065, 0.21780556227454767, 0.2566299326957561, 0.2353547585347608, 0.24586261261203432, 0.22470405078180342, 0.26559541734466097, 0.2527696254108479, 0.3021012141841128, 0.2714659098144821, 0.24565935336266922, 0.29110095315614776, 0.2558372648598856, 0.23827432818633038, 0.2475030631544296, 0.2650676643012707, 0.2279880263999782, 0.20152261767551777, 0.23493995005221058, 0.26556755479134164, 0.26184649614891986, 0.20669119706143568, 0.2124270703694239, 0.27703366349942987, 0.2914547041986743, 0.2603845249285494, 0.29245619808357365, 0.30699394442154837, 0.23027278110187718, 0.22684052835530924, 0.20752042855411038, 0.27300458182775933, 0.2654110018793707, 0.24187675327667252, 0.24656789767082216, 0.2496125435297552, 0.285785756532578, 0.29830064603760387, 0.260157485480471, 0.2721766672872713, 0.3229028891847465, 0.27790400956230843, 0.2533117412195743, 0.2383057898537522, 0.26177962113803493, 0.2445430377736272, 0.25993010807557676, 0.29558474807228297, 0.2622564437751955, 0.24426941177263864, 0.26410221180885024, 0.19781462828711005, 0.2416370963201941, 0.2678566844097034, 0.2376134893205351, 0.2575112971971089, 0.2704314694114754, 0.2811677867088125, 0.20465198061885514, 0.24154803513543804, 0.23875058482468603, 0.2418409718613265, 0.25673628935968956, 0.2654932245857997, 0.2679797650463552, 0.2744538715610147, 0.24026803716996745, 0.22531652573846733, 0.2223135901326224, 0.24061070664389358, 0.26572139057038335, 0.26384954252082504, 0.2721119161819294, 0.2379799206853753, 0.24233383729342595, 0.21744095912793693, 0.2582229212498918, 0.2968749354655837, 0.2808325467598727, 0.19591787327221777, 0.2904168671246006], "auc": [0.7002450980392158, 0.8250980392156863, 0.7825735294117647, 0.7940686274509804, 0.7996813725490196, 0.803186274509804, 0.7520098039215686, 0.8209558823529411, 0.7732843137254901, 0.8209558823529411, 0.7680147058823529, 0.7810539215686275, 0.7625980392156863, 0.7392401960784314, 0.7821568627450981, 0.7511029411764706, 0.8430147058823529, 0.841642156862745, 0.7757843137254902, 0.7775980392156862, 0.7496323529411765, 0.7660539215686274, 0.7458578431372549, 0.8121078431372548, 0.792843137254902, 0.8181617647058823, 0.8124264705882354, 0.8313970588235294, 0.7773284313725489, 0.7737254901960784, 0.8033333333333333, 0.7574509803921569, 0.7165931372549019, 0.7667892156862745, 0.7313970588235293, 0.7395098039215686, 0.7245833333333334, 0.803014705882353, 0.788921568627451, 0.80125, 0.7214705882352941, 0.7594362745098039, 0.8034068627450981, 0.832328431372549, 0.77875, 0.8032843137254903, 0.8135539215686275, 0.7377941176470588, 0.7551715686274509, 0.7199754901960784, 0.7957107843137254, 0.7890196078431372, 0.7453921568627451, 0.7899019607843137, 0.7334803921568627, 0.8253186274509804, 0.8005392156862745, 0.7949264705882353, 0.773014705882353, 0.8675490196078431, 0.8129411764705883, 0.7792892156862745, 0.7513725490196078, 0.7713480392156863, 0.8112745098039216, 0.8087254901960785, 0.7525980392156862, 0.7793382352941176, 0.8184558823529412, 0.7918872549019608, 0.7006372549019608, 0.7640196078431373, 0.7934803921568628, 0.7881617647058823, 0.7426225490196078, 0.753578431372549, 0.8350735294117647, 0.7512745098039216, 0.7716421568627452, 0.7396813725490196, 0.6989705882352941, 0.7884558823529412, 0.7591666666666667, 0.7889460784313725, 0.7569362745098039, 0.7682843137254902, 0.754656862745098, 0.7382598039215686, 0.7590686274509804, 0.8407843137254902, 0.807843137254902, 0.7918872549019608, 0.7188725490196078, 0.741764705882353, 0.75125, 0.7633578431372549, 0.8083088235294116, 0.8285784313725489, 0.7072549019607843, 0.8120833333333333], "log_prob": [-160.27647399902344, -130.31167602539062, -144.9417724609375, -144.05810546875, -139.85809326171875, -139.5011749267578, -149.88812255859375, -138.5406494140625, -147.8091583251953, -134.31333923339844, -148.80520629882812, -139.40206909179688, -148.8683624267578, -148.19195556640625, -144.64869689941406, -154.5791778564453, -129.07302856445312, -130.29574584960938, -147.56747436523438, -142.8040008544922, -154.18161010742188, -144.41476440429688, -154.65890502929688, -140.98098754882812, -145.34466552734375, -138.19891357421875, -138.01760864257812, -130.34707641601562, -145.66500854492188, -144.74234008789062, -136.71145629882812, -150.76571655273438, -153.974609375, -147.6337127685547, -152.88491821289062, -150.51327514648438, -158.35525512695312, -145.10366821289062, -139.7414093017578, -140.6642608642578, -156.75531005859375, -156.47474670410156, -140.1590576171875, -133.25103759765625, -147.40789794921875, -137.30841064453125, -134.43276977539062, -152.72799682617188, -149.51638793945312, -155.46090698242188, -141.5072021484375, -145.65834045410156, -150.03128051757812, -144.45578002929688, -147.8192138671875, -132.03887939453125, -134.07089233398438, -140.3214111328125, -144.8126220703125, -124.30342864990234, -138.4401397705078, -142.87741088867188, -147.21131896972656, -143.67051696777344, -139.32374572753906, -139.81710815429688, -146.23611450195312, -141.85174560546875, -139.88743591308594, -140.62937927246094, -157.58798217773438, -148.7860870361328, -141.5967559814453, -142.9210662841797, -148.45355224609375, -145.6800537109375, -132.7542266845703, -152.98004150390625, -146.9534912109375, -154.43035888671875, -154.82232666015625, -144.4730987548828, -148.93759155273438, -140.81619262695312, -146.55474853515625, -146.55593872070312, -148.55633544921875, -152.98800659179688, -149.20761108398438, -137.90310668945312, -138.16468811035156, -140.5264129638672, -155.755126953125, -152.83322143554688, -152.2630615234375, -147.20606994628906, -137.08447265625, -133.8131561279297, -158.46475219726562, -135.416748046875]}