{"e_shd": [48.04999923706055, 50.540000915527344, 50.779998779296875, 49.25, 49.88999938964844, 50.560001373291016, 50.7400016784668, 47.650001525878906, 49.060001373291016, 52.38999938964844, 50.91999816894531, 51.7599983215332, 49.56999969482422, 48.13999938964844, 48.900001525878906, 50.08000183105469, 51.75, 48.77000045776367, 50.54999923706055, 50.790000915527344], "e_f1": [0.16105846986327518, 0.1229108793674352, 0.1257308039383903, 0.13359221839347174, 0.1495575647887722, 0.12968442773337246, 0.13963794617944206, 0.18764262797897735, 0.1475058727892346, 0.12172258087571192, 0.11638960571919257, 0.11039383299035473, 0.14474958098481838, 0.17479815986855812, 0.16336655213942564, 0.1422774399977299, 0.14380254513088292, 0.1529354742697189, 0.11777730404914982, 0.12265191302929196]}