{"e_shd": [61.81999969482422, 35.939998626708984, 41.880001068115234, 47.869998931884766, 61.849998474121094, 52.90999984741211, 33.7400016784668, 44.47999954223633, 44.540000915527344, 53.310001373291016, 36.25, 26.020000457763672, 33.720001220703125, 53.31999969482422, 48.540000915527344, 35.34000015258789, 62.209999084472656, 43.90999984741211, 53.34000015258789, 62.86000061035156], "e_f1": [0.1502865331702655, 0.13548039530207956, 0.16657508343002492, 0.1181310972954987, 0.14562297752846687, 0.14968202735748812, 0.16194556461320958, 0.10915098211522638, 0.13862626507683215, 0.1297101106814623, 0.19859349102633697, 0.13509380658823242, 0.18344434204527246, 0.14924360165931538, 0.1310273358185446, 0.13406850851378468, 0.15815700723846507, 0.13803470849486948, 0.13190592798846673, 0.11556171129075295]}