{"e_shd": [32.5099983215332, 29.329999923706055, 32.36000061035156, 30.799999237060547, 30.600000381469727, 32.310001373291016, 34.97999954223633, 30.09000015258789, 31.809999465942383, 31.270000457763672, 30.399999618530273, 29.43000030517578, 31.8700008392334, 32.77000045776367, 30.959999084472656, 32.310001373291016, 30.059999465942383, 31.489999771118164, 31.360000610351562, 31.850000381469727], "e_f1": [0.14996348299431325, 0.21572570518852646, 0.14306678952591478, 0.17487935050494177, 0.19239589711823882, 0.14158585603685933, 0.09076956682053716, 0.1444944834194641, 0.12034544901232332, 0.16514350318244733, 0.20062781533369375, 0.1836952679986748, 0.16236868331693943, 0.12161997920031062, 0.1590896349217745, 0.15160694769849514, 0.20424867870568378, 0.18985507751245356, 0.13829155879157837, 0.15052089288923956]}