{"e_shd": [22.799999237060547, 23.280000686645508, 24.790000915527344, 23.079999923706055, 23.729999542236328, 22.219999313354492, 24.739999771118164, 25.440000534057617, 23.81999969482422, 23.34000015258789, 25.1299991607666, 27.31999969482422, 24.389999389648438, 24.969999313354492, 24.579999923706055, 23.229999542236328, 22.93000030517578, 25.350000381469727, 24.1299991607666, 24.899999618530273], "e_f1": [0.15564074465343394, 0.1586810148345178, 0.10833415941606792, 0.12462296618210593, 0.1782089015506053, 0.18037689922303243, 0.11542358786497385, 0.06663813352639526, 0.11905406813237131, 0.16196484690972013, 0.12329140666682353, 0.10061457721718728, 0.10722825822287506, 0.08963596534781916, 0.11113298592428394, 0.12465758710085982, 0.13694443621837343, 0.10560590772746851, 0.12297952216591264, 0.1133200157804639]}