{"e_shd": [30.329999923706055, 37.060001373291016, 29.360000610351562, 30.399999618530273, 30.829999923706055, 31.899999618530273, 34.279998779296875, 28.709999084472656, 32.16999816894531, 27.06999969482422, 40.97999954223633, 29.899999618530273, 28.84000015258789, 29.5, 30.280000686645508, 32.939998626708984, 28.84000015258789, 31.579999923706055, 29.299999237060547, 33.5099983215332], "e_f1": [0.24297790861008253, 0.2425525661135142, 0.18018716407251076, 0.22410133986457395, 0.24636605588691446, 0.18890528668015397, 0.14916898123329086, 0.21845852213730343, 0.2002452355416464, 0.15720919291364338, 0.24923970922683275, 0.20548616839687905, 0.23316695844782298, 0.1492284884848457, 0.20163486868565805, 0.24027275331168887, 0.24575883324253975, 0.25385065795535927, 0.1592660151915457, 0.22074169389475717]}