{"e_shd": [68.08000183105469, 33.0099983215332, 44.88999938964844, 53.630001068115234, 68.20999908447266, 63.34000015258789, 30.520000457763672, 38.970001220703125, 42.790000915527344, 58.810001373291016, 43.959999084472656, 19.90999984741211, 46.709999084472656, 63.77000045776367, 54.119998931884766, 38.70000076293945, 69.63999938964844, 50.150001525878906, 61.29999923706055, 71.01000213623047], "e_f1": [0.2709737770718021, 0.19079698757860014, 0.2248056719590471, 0.25184253179004, 0.2524743455320669, 0.26106554124169756, 0.20066113180414852, 0.1914391134116027, 0.19546743059346877, 0.24094854644307964, 0.2492423673023783, 0.18833748544527146, 0.2186745387211944, 0.23912967686998907, 0.19338580583760961, 0.21513910988889354, 0.3100744685736728, 0.20727845821723268, 0.22571735906547882, 0.2738825358109934]}