{"e_shd": [19.31999969482422, 19.170000076293945, 21.510000228881836, 17.719999313354492, 18.510000228881836, 17.190000534057617, 19.239999771118164, 17.68000030517578, 22.360000610351562, 18.079999923706055, 18.290000915527344, 17.979999542236328, 19.1200008392334, 18.56999969482422, 19.520000457763672, 18.920000076293945, 18.559999465942383, 18.84000015258789, 19.06999969482422, 18.969999313354492], "e_f1": [0.1781542313357155, 0.20723529321606982, 0.2308987060474572, 0.19233979244238564, 0.18203386050706855, 0.24353049036308183, 0.22450497585014328, 0.16023127477508958, 0.18862190616849447, 0.1598537421275184, 0.1744935366331799, 0.24170381076955574, 0.1908496584108365, 0.18893777278770074, 0.11103822205993055, 0.11965369837088172, 0.184487898587448, 0.1077795316123305, 0.1096629476253132, 0.1693975786007785]}