{"e_shd": [58.349998474121094, 56.349998474121094, 54.5, 49.0099983215332, 58.27000045776367, 57.52000045776367, 54.689998626708984, 59.88999938964844, 59.86000061035156, 61.880001068115234, 53.900001525878906, 55.06999969482422, 62.09000015258789, 57.63999938964844, 58.93000030517578, 55.650001525878906, 58.65999984741211, 60.369998931884766, 55.869998931884766, 52.7400016784668], "e_f1": [0.19926087271366824, 0.23599759210667248, 0.20581960589640755, 0.23952926619006049, 0.2394363302433607, 0.2448923009482271, 0.22586009634216972, 0.2621699181183548, 0.28020211348700574, 0.23888158453114183, 0.2463967512681703, 0.21829654043273247, 0.26444441074663905, 0.2110823953381004, 0.25171473796565175, 0.2177062669141689, 0.2546115302763454, 0.22152541145794924, 0.22428041408895674, 0.1947341816533267]}