{"e_shd": [42.59000015258789, 39.7599983215332, 41.93000030517578, 39.810001373291016, 38.2400016784668, 41.869998931884766, 38.2599983215332, 40.13999938964844, 36.869998931884766, 37.790000915527344, 40.41999816894531, 42.900001525878906, 36.709999084472656, 40.93000030517578, 38.310001373291016, 41.040000915527344, 38.959999084472656, 41.97999954223633, 41.459999084472656, 45.599998474121094], "e_f1": [0.24698355873011973, 0.25455086303020213, 0.23135914405035987, 0.2735682877747214, 0.3009653827578612, 0.25056858955855466, 0.2963450306833182, 0.27261853262172986, 0.32489255491149166, 0.2984870028863174, 0.26443682768378324, 0.2314152601946666, 0.3351070794745981, 0.2600178039744979, 0.3171842648647496, 0.26075854382943914, 0.2731597597223091, 0.24179222739042985, 0.24502349717796057, 0.18714888051435907]}