{"e_shd": [51.20000076293945, 35.529998779296875, 34.2599983215332, 39.040000915527344, 54.9900016784668, 43.68000030517578, 29.729999542236328, 38.0099983215332, 37.72999954223633, 41.72999954223633, 27.280000686645508, 25.280000686645508, 25.260000228881836, 45.59000015258789, 42.29999923706055, 27.860000610351562, 52.790000915527344, 35.5, 45.86000061035156, 48.0099983215332], "e_f1": [0.25995586838006196, 0.1682130972728727, 0.25555454032261493, 0.25617810561732507, 0.2221656452117725, 0.2753651568714335, 0.20418313822919068, 0.2152291799246338, 0.26847222326989073, 0.2815124841481186, 0.3358582509589197, 0.14199512696467712, 0.3496246046813431, 0.24983519920567993, 0.21036101449472885, 0.3015497281764191, 0.25697377555367035, 0.2609803981344264, 0.22314498974890395, 0.300905319911881]}