{"e_shd": [22.59000015258789, 23.440000534057617, 21.280000686645508, 23.860000610351562, 23.59000015258789, 20.399999618530273, 21.43000030517578, 23.729999542236328, 22.1299991607666, 24.030000686645508, 24.229999542236328, 22.09000015258789, 23.889999389648438, 23.65999984741211, 24.90999984741211, 24.989999771118164, 23.229999542236328, 24.43000030517578, 25.75, 24.049999237060547], "e_f1": [0.20115327831254448, 0.16282017033270915, 0.21942037264086184, 0.1562210270452649, 0.14746171141307923, 0.22000550691762194, 0.18725730356629128, 0.12360735041210301, 0.19227459691687143, 0.13887298051679065, 0.12830645193514822, 0.19886082941606958, 0.16616864058137412, 0.1523986051410953, 0.1072052465500818, 0.0943013832304085, 0.14388095417916508, 0.1313168893209456, 0.09894627311639105, 0.1401346708053067]}