{"e_shd": [28.81999969482422, 24.100000381469727, 29.489999771118164, 28.06999969482422, 25.520000457763672, 29.469999313354492, 30.6299991607666, 28.649999618530273, 25.649999618530273, 32.560001373291016, 22.43000030517578, 28.920000076293945, 30.549999237060547, 32.06999969482422, 28.610000610351562, 23.920000076293945, 27.899999618530273, 24.989999771118164, 28.950000762939453, 26.1299991607666], "e_f1": [0.20926610099064324, 0.32816184587814734, 0.19698232939660154, 0.22511762425312362, 0.2914994317266094, 0.194098789942193, 0.1913832252206041, 0.21473172596472306, 0.26968162837509335, 0.1302671798267954, 0.3579926196626332, 0.21434473981758664, 0.18758103070212176, 0.1287829877203402, 0.20487238221534362, 0.34464910756995626, 0.2449483699934079, 0.2930903558416739, 0.20577832396265905, 0.27427641366068056]}