{"e_shd": [27.5939998626709, 27.91200065612793, 37.18000030517578, 28.128000259399414, 33.93000030517578, 28.513999938964844, 29.483999252319336, 27.719999313354492, 28.281999588012695, 29.799999237060547, 29.902000427246094, 34.06399917602539, 29.562000274658203, 27.746000289916992, 28.010000228881836, 27.17799949645996, 30.08799934387207, 25.195999145507812, 25.868000030517578, 30.3439998626709, 27.965999603271484, 27.86199951171875, 28.65399932861328, 26.926000595092773, 28.56999969482422], "e_f1": [0.2714627258173879, 0.2116102931648032, 0.1627332628993896, 0.253405375868667, 0.186049382981256, 0.25924527932835706, 0.24014519955870844, 0.29314893912836354, 0.27952135720082055, 0.16069653419548974, 0.21943058592251538, 0.19388262710861698, 0.23742103427843236, 0.29737205595085414, 0.22057602596172593, 0.3251028038096872, 0.189948959376415, 0.3452888607688045, 0.369728349557863, 0.2647576055802931, 0.3175433747703812, 0.3032856905249894, 0.2886946825981284, 0.2980793763871107, 0.24417992787337867], "auc": [0.8653947368421053, 0.8240131578947368, 0.8328289473684211, 0.8685526315789474, 0.8177631578947369, 0.9107894736842105, 0.8767105263157895, 0.9197368421052632, 0.8723684210526316, 0.7793421052631578, 0.8866447368421053, 0.8961842105263158, 0.8436842105263158, 0.8824342105263159, 0.7785526315789474, 0.8978947368421053, 0.8569736842105263, 0.9607894736842104, 0.92, 0.9130263157894738, 0.8826973684210526, 0.8640131578947368, 0.874078947368421, 0.9215131578947369, 0.8256578947368421], "log_prob": [-54.51519775390625, -60.379127502441406, -63.48607635498047, -55.09626007080078, -62.05101013183594, -50.8264045715332, -54.729270935058594, -48.967674255371094, -53.48493194580078, -66.84001922607422, -54.395179748535156, -55.29281997680664, -58.24897003173828, -53.70845413208008, -61.51313018798828, -49.46849822998047, -59.83582305908203, -41.05840301513672, -45.240936279296875, -50.47816848754883, -50.42244338989258, -54.49445724487305, -53.34162902832031, -47.724449157714844, -57.927642822265625]}