{"e_shd": [55.98400115966797, 53.5359992980957, 63.52799987792969, 61.05799865722656, 61.99800109863281, 60.849998474121094, 63.97200012207031, 49.5099983215332, 52.04199981689453, 59.31999969482422, 57.09000015258789, 55.417999267578125, 57.284000396728516, 51.73400115966797, 56.59199905395508, 60.257999420166016, 58.38600158691406, 66.58399963378906, 61.57600021362305, 53.768001556396484, 58.347999572753906, 61.599998474121094, 57.58399963378906, 57.0880012512207, 58.61399841308594], "e_f1": [0.29662398096935827, 0.3068208429004059, 0.2711236558695168, 0.2719416486047597, 0.20707641353076414, 0.2603933839745312, 0.2618902144414704, 0.31186306241198863, 0.2811238073705318, 0.2600843332008411, 0.2950690271404627, 0.27939870469512285, 0.2293184929342566, 0.26825828115344086, 0.26792154534623114, 0.24035335017308507, 0.2649543821217864, 0.20886618669876103, 0.24687890424237965, 0.301945521295078, 0.2782572110331655, 0.2692595028135253, 0.2988346176343158, 0.2701036759536931, 0.23230781546773063], "auc": [0.8638194444444445, 0.8813888888888889, 0.8443402777777778, 0.8458680555555556, 0.8220138888888889, 0.8216666666666667, 0.8190277777777778, 0.9006944444444445, 0.8522916666666666, 0.8385416666666667, 0.8453125, 0.8602777777777778, 0.8104861111111112, 0.8723958333333334, 0.8597569444444445, 0.8170138888888889, 0.8315277777777778, 0.7424305555555556, 0.8374305555555556, 0.8898611111111111, 0.8688888888888888, 0.8447569444444445, 0.8813541666666667, 0.8763541666666668, 0.8294444444444443], "log_prob": [-92.20211029052734, -89.28317260742188, -98.25843048095703, -96.04186248779297, -104.50135040283203, -100.64743041992188, -105.77178955078125, -86.25985717773438, -97.82176971435547, -96.67542266845703, -96.4645767211914, -95.7886962890625, -104.55572509765625, -92.55705261230469, -92.3875732421875, -100.18536376953125, -99.57716369628906, -114.9517822265625, -99.36260986328125, -85.7235107421875, -93.39202880859375, -95.99947357177734, -89.53287506103516, -91.00885772705078, -100.61568450927734]}