{"e_shd": [82.25, 84.71800231933594, 75.6719970703125, 77.39800262451172, 88.25599670410156, 81.84200286865234, 74.13400268554688, 77.16000366210938, 88.83399963378906, 73.16999816894531, 82.9739990234375, 74.74199676513672, 82.76799774169922, 81.16799926757812, 82.99199676513672, 71.14199829101562, 77.51399993896484, 78.7239990234375, 74.72799682617188, 79.0979995727539, 85.7239990234375, 73.3499984741211, 80.23400115966797, 78.15399932861328, 80.3280029296875], "e_f1": [0.25458183964425524, 0.2563190732351904, 0.3083835310424936, 0.3205042194745774, 0.20894933142332547, 0.2737478700639614, 0.26610818869881986, 0.2842932176150523, 0.24306402841452432, 0.29737725581071583, 0.28326937243842587, 0.27731997558846283, 0.2650503399811172, 0.2599956668286427, 0.25347959773868745, 0.3245467426693632, 0.27884452540385474, 0.2624975117988118, 0.2830321506574314, 0.2933451111353244, 0.23938126427174075, 0.29239289722593037, 0.27991222893800954, 0.25170452815130734, 0.25645692424265176], "auc": [0.8103186274509804, 0.8126470588235294, 0.8667401960784313, 0.8710539215686275, 0.7036519607843137, 0.8091911764705882, 0.850857843137255, 0.8117647058823529, 0.7779166666666667, 0.8448774509803921, 0.818578431372549, 0.8488970588235294, 0.7685294117647059, 0.805857843137255, 0.7511274509803921, 0.8986274509803922, 0.8168872549019608, 0.8154656862745098, 0.8490686274509804, 0.8281862745098039, 0.7485539215686274, 0.8328186274509803, 0.8235784313725489, 0.811593137254902, 0.8115931372549019], "log_prob": [-134.40505981445312, -134.39907836914062, -121.37410736083984, -119.60362243652344, -148.80160522460938, -132.10092163085938, -128.29055786132812, -130.65505981445312, -139.84349060058594, -126.35018920898438, -131.31716918945312, -128.71966552734375, -135.9272918701172, -136.99331665039062, -152.08938598632812, -113.84880065917969, -129.87782287597656, -131.76242065429688, -126.7139892578125, -127.50153350830078, -143.34552001953125, -128.33290100097656, -130.6754150390625, -134.44790649414062, -134.5211181640625]}