{"SHD": 65.75, "F1": 0.13151724700006714, "log_prob": -Infinity, "AUC": 0.620906862745098}