{"SHD": 65.625, "F1": 0.09633167545756402, "log_prob": -Infinity, "AUC": 0.6054656862745098}