{"SHD": 64.4375, "F1": 0.1699453886664878, "log_prob": -Infinity, "AUC": 0.6709068627450981}