{"SHD": 63.96875, "F1": 0.12706867944715866, "log_prob": -Infinity, "AUC": 0.6780882352941177}