{"SHD": 67.53125, "F1": 0.10236765419434044, "log_prob": -Infinity, "AUC": 0.6146323529411765}