{"SHD": 65.59375, "F1": 0.14438756508897937, "log_prob": -Infinity, "AUC": 0.6109313725490197}