{"SHD": 65.78125, "F1": 0.12801341174814068, "log_prob": -Infinity, "AUC": 0.6020343137254902}