{"SHD": 65.75, "F1": 0.1461033165988735, "log_prob": -Infinity, "AUC": 0.6436519607843139}