{"SHD": 65.0625, "F1": 0.13500597387181681, "log_prob": -Infinity, "AUC": 0.6587500000000001}