{"SHD": 64.75, "F1": 0.15116239451646263, "log_prob": -Infinity, "AUC": 0.6896078431372549}