{"SHD": 66.0625, "F1": 0.11404323339771827, "log_prob": -Infinity, "AUC": 0.6338725490196079}