{"SHD": 65.65625, "F1": 0.13632150282233035, "log_prob": -Infinity, "AUC": 0.687843137254902}