{"SHD": 66.46875, "F1": 0.08379055755983741, "log_prob": -Infinity, "AUC": 0.570343137254902}