{"SHD": 64.0, "F1": 0.12989743627502282, "log_prob": -Infinity, "AUC": 0.6468382352941177}