{"SHD": 66.1875, "F1": 0.1081667819866662, "log_prob": -Infinity, "AUC": 0.5624019607843138}