{"SHD": 65.53125, "F1": 0.14798004744491872, "log_prob": -Infinity, "AUC": 0.6743382352941176}