{"SHD": 67.0, "F1": 0.11374131518114208, "log_prob": -Infinity, "AUC": 0.6111029411764706}