{"SHD": 67.21875, "F1": 0.12539329449266828, "log_prob": -Infinity, "AUC": 0.636813725490196}