{"SHD": 66.125, "F1": 0.1575109442454341, "log_prob": -Infinity, "AUC": 0.6537745098039216}