{"SHD": 65.9375, "F1": 0.10150533796752936, "log_prob": -Infinity, "AUC": 0.632328431372549}