{"SHD": 63.8125, "F1": 0.12624672152073657, "log_prob": -Infinity, "AUC": 0.6546813725490197}