{"SHD": 65.46875, "F1": 0.12943774327836222, "log_prob": -Infinity, "AUC": 0.669607843137255}