{"SHD": 66.84375, "F1": 0.11135864219713852, "log_prob": -Infinity, "AUC": 0.5977941176470587}