{"SHD": 65.96875, "F1": 0.14354626068172172, "log_prob": -Infinity, "AUC": 0.629779411764706}