{"SHD": 66.46875, "F1": 0.11913697309326894, "log_prob": -Infinity, "AUC": 0.6530147058823529}