{"e_shd": [23.670000076293945, 22.3700008392334, 25.469999313354492, 25.190000534057617, 24.479999542236328, 21.479999542236328, 23.15999984741211, 25.760000228881836, 24.190000534057617, 22.690000534057617, 26.389999389648438, 25.43000030517578, 24.65999984741211, 24.100000381469727, 24.459999084472656, 26.81999969482422, 23.600000381469727, 26.829999923706055, 25.420000076293945, 24.459999084472656], "e_f1": [0.12347388931841353, 0.15961770791894866, 0.10106903237010315, 0.09810111015030896, 0.11370129814776384, 0.16046694587377736, 0.10912976004696953, 0.09358520126090657, 0.11029208498566904, 0.12686521499910433, 0.11246875136816341, 0.10947687801676392, 0.10116109044926173, 0.139056023778772, 0.07998520191615509, 0.08805164602390576, 0.1299191034243823, 0.07986350069259494, 0.08718879977210399, 0.10127543723947642]}