{"e_shd": [31.440000534057617, 31.059999465942383, 32.099998474121094, 33.150001525878906, 28.489999771118164, 33.77000045776367, 33.36000061035156, 30.309999465942383, 31.559999465942383, 32.0, 29.479999542236328, 31.0, 31.1200008392334, 34.20000076293945, 31.860000610351562, 31.469999313354492, 28.989999771118164, 30.350000381469727, 33.25, 32.099998474121094], "e_f1": [0.15673940741101, 0.18300734979015545, 0.1437118408079598, 0.12836322229039462, 0.21794739313188696, 0.1124221851786718, 0.1027583332315427, 0.15714561403125507, 0.1415648105451681, 0.12451823563841627, 0.18642892800565267, 0.14385219927730017, 0.15192334448475944, 0.09914456170827736, 0.13123236030010946, 0.17567849071656533, 0.19876204120421764, 0.18268181038401857, 0.09780107309105729, 0.15856985043177788]}