{"e_shd": [61.689998626708984, 37.0099983215332, 41.119998931884766, 47.470001220703125, 60.47999954223633, 52.34000015258789, 32.310001373291016, 43.04999923706055, 45.099998474121094, 53.40999984741211, 34.880001068115234, 27.200000762939453, 35.540000915527344, 53.13999938964844, 49.540000915527344, 35.709999084472656, 60.86000061035156, 40.91999816894531, 54.9900016784668, 59.41999816894531], "e_f1": [0.13819782036521824, 0.12637950706813345, 0.17984455373492736, 0.12079408790248472, 0.1634168056168392, 0.1513673233897101, 0.1352504914253657, 0.10868210948043633, 0.14572208426638064, 0.11558976022664609, 0.1744109807262269, 0.10292689403324694, 0.14568674106892543, 0.15726973908622388, 0.10873822460789263, 0.13356321219909262, 0.16589292711556972, 0.16281162395704618, 0.12261908623576924, 0.15710143274818908]}