{"e_shd": [50.290000915527344, 50.439998626708984, 49.91999816894531, 50.93000030517578, 49.029998779296875, 48.66999816894531, 47.93000030517578, 48.34000015258789, 50.119998931884766, 51.40999984741211, 50.900001525878906, 49.86000061035156, 50.7400016784668, 49.209999084472656, 47.900001525878906, 48.380001068115234, 48.880001068115234, 51.189998626708984, 51.08000183105469, 49.7599983215332], "e_f1": [0.13208566678438563, 0.1291535289959999, 0.1195266414525714, 0.11716548956677045, 0.15202605507959283, 0.16150588477328515, 0.15909906257922796, 0.16918505571849615, 0.13698258037428274, 0.11944349698447015, 0.10911586282342439, 0.14239807718378306, 0.13401623596178627, 0.14274048606435363, 0.16822375077675183, 0.14901887694479213, 0.14704314971660928, 0.11121411492218035, 0.12256509008294715, 0.12532281796835126]}