{"e_shd": [41.15999984741211, 37.040000915527344, 42.900001525878906, 40.04999923706055, 38.779998779296875, 37.220001220703125, 36.84000015258789, 37.939998626708984, 37.93000030517578, 39.20000076293945, 38.04999923706055, 43.0099983215332, 35.790000915527344, 39.88999938964844, 34.9900016784668, 37.5, 35.54999923706055, 39.33000183105469, 40.59000015258789, 43.099998474121094], "e_f1": [0.3060305204552262, 0.4087964584879238, 0.27719202034232543, 0.35809490028809293, 0.35718396877838576, 0.3812657290580328, 0.4027662159153834, 0.37790631132879615, 0.3523305381134516, 0.3500471887936343, 0.35714747892691734, 0.2860373003553519, 0.40355684041178663, 0.3400718799281194, 0.41807488000511944, 0.37554290051552414, 0.3994618991437907, 0.3624595679853379, 0.33805434297014486, 0.2756853093675921]}