{"e_shd": [50.150001525878906, 30.31999969482422, 31.200000762939453, 33.83000183105469, 53.650001525878906, 42.130001068115234, 27.43000030517578, 34.02000045776367, 37.209999084472656, 40.349998474121094, 26.440000534057617, 23.959999084472656, 24.059999465942383, 42.560001373291016, 40.08000183105469, 28.790000915527344, 47.400001525878906, 34.099998474121094, 42.4900016784668, 49.869998931884766], "e_f1": [0.3216759939761024, 0.31607352955983914, 0.3969748781961965, 0.41791719115467907, 0.29170940659524136, 0.3432183410624053, 0.31147557575878965, 0.3306131806155207, 0.32732061590708705, 0.3671855389871268, 0.4360862502312047, 0.25545564590697395, 0.45412504476771914, 0.33599270921308877, 0.3224987536492682, 0.3618838328727879, 0.39888612638189785, 0.34261257782601356, 0.34509051649993405, 0.3458947956950129]}