{"e_shd": [27.3700008392334, 20.850000381469727, 29.270000457763672, 25.010000228881836, 21.68000030517578, 28.860000610351562, 28.350000381469727, 24.100000381469727, 23.40999984741211, 30.479999542236328, 20.639999389648438, 26.959999084472656, 27.989999771118164, 31.700000762939453, 26.90999984741211, 21.969999313354492, 25.3799991607666, 21.850000381469727, 29.75, 23.1299991607666], "e_f1": [0.3038690868261793, 0.4643369601139776, 0.24941474925427612, 0.3540268503853672, 0.45181130664034846, 0.2873020298709282, 0.27831997464698466, 0.37734875990822886, 0.41276181954317837, 0.23197594960281603, 0.4948411051334577, 0.3022358197674746, 0.29658253669381707, 0.225718191275064, 0.3094813179953265, 0.45905319535741657, 0.34366329433999154, 0.4476370128319103, 0.2459011849805348, 0.4186032789774564]}