{"e_shd": [24.1299991607666, 20.649999618530273, 21.639999389648438, 22.739999771118164, 21.809999465942383, 20.959999084472656, 23.68000030517578, 23.530000686645508, 21.479999542236328, 22.600000381469727, 23.760000228881836, 20.0, 22.59000015258789, 20.65999984741211, 25.34000015258789, 24.84000015258789, 19.93000030517578, 25.309999465942383, 25.1299991607666, 22.190000534057617], "e_f1": [0.2224486751369553, 0.3164134109500009, 0.2647784384938497, 0.2684786188844846, 0.24985960730916734, 0.32490736186103997, 0.22059537953388478, 0.2096008725429545, 0.2763412249364548, 0.22543158530955698, 0.21340549147663385, 0.3354807934983045, 0.26714754149623665, 0.2796477229300825, 0.10202265985422959, 0.16382528255226428, 0.3144143277368713, 0.16682504509723636, 0.14858177804641667, 0.2481902325383929]}