{"SHD": 45.71875, "F1": 0.18336177528740397, "log_prob": -Infinity, "AUC": 0.7297222222222222}