{"SHD": 48.59375, "F1": 0.11041134861387501, "log_prob": -Infinity, "AUC": 0.6067708333333333}