{"SHD": 47.34375, "F1": 0.10820317161340698, "log_prob": -Infinity, "AUC": 0.6076041666666666}