{"SHD": 46.15625, "F1": 0.1538770945009556, "log_prob": -Infinity, "AUC": 0.7111111111111111}