{"SHD": 47.28125, "F1": 0.15473328718393858, "log_prob": -Infinity, "AUC": 0.6812847222222221}