{"SHD": 46.5, "F1": 0.14097088544476238, "log_prob": -Infinity, "AUC": 0.7171527777777778}