{"SHD": 46.3125, "F1": 0.09176452620467407, "log_prob": -Infinity, "AUC": 0.6060069444444445}