{"SHD": 46.84375, "F1": 0.17025266017924034, "log_prob": -Infinity, "AUC": 0.7065624999999999}