{"SHD": 44.8125, "F1": 0.16767974310635658, "log_prob": -Infinity, "AUC": 0.6842361111111112}