{"SHD": 47.53125, "F1": 0.10296385273735235, "log_prob": -Infinity, "AUC": 0.6452083333333334}