{"SHD": 46.4375, "F1": 0.16019018918490746, "log_prob": -Infinity, "AUC": 0.7506597222222223}