{"SHD": 47.15625, "F1": 0.15253626651636654, "log_prob": -Infinity, "AUC": 0.6521874999999999}