{"SHD": 45.3125, "F1": 0.11549879764560289, "log_prob": -Infinity, "AUC": 0.6852430555555555}