{"SHD": 45.3125, "F1": 0.13498431537640532, "log_prob": -Infinity, "AUC": 0.7063541666666667}