{"SHD": 47.0625, "F1": 0.11498935444885934, "log_prob": -Infinity, "AUC": 0.5985416666666666}