{"SHD": 47.375, "F1": 0.09575158968060163, "log_prob": -Infinity, "AUC": 0.6053472222222223}