{"SHD": 46.53125, "F1": 0.09000548029397032, "log_prob": -Infinity, "AUC": 0.6197569444444444}