{"SHD": 48.21875, "F1": 0.111297157699761, "log_prob": -Infinity, "AUC": 0.630798611111111}