{"SHD": 46.875, "F1": 0.09932326445294787, "log_prob": -Infinity, "AUC": 0.5933680555555556}