{"SHD": 46.625, "F1": 0.16191909827191492, "log_prob": -Infinity, "AUC": 0.6569444444444444}