{"SHD": 46.75, "F1": 0.18954456749824367, "log_prob": -Infinity, "AUC": 0.7391666666666667}