{"SHD": 45.59375, "F1": 0.10250148611209153, "log_prob": -Infinity, "AUC": 0.6424652777777777}