{"SHD": 46.0625, "F1": 0.1651768062348415, "log_prob": -Infinity, "AUC": 0.7168055555555556}