{"SHD": 47.28125, "F1": 0.09481184947696342, "log_prob": -Infinity, "AUC": 0.6084722222222223}