{"SHD": 29.6875, "F1": 0.11862400625441055, "log_prob": -Infinity, "AUC": 0.7088157894736842}