{"SHD": 27.5, "F1": 0.09835244266459037, "log_prob": -Infinity, "AUC": 0.5780263157894736}