{"SHD": 28.25, "F1": 0.1292137280569076, "log_prob": -Infinity, "AUC": 0.7001973684210525}