{"SHD": 27.53125, "F1": 0.1452948556030565, "log_prob": -Infinity, "AUC": 0.7527631578947369}