{"SHD": 28.6875, "F1": 0.12967857979543745, "log_prob": -Infinity, "AUC": 0.7426973684210527}