{"SHD": 28.25, "F1": 0.15149994225104313, "log_prob": -Infinity, "AUC": 0.6957894736842105}