{"SHD": 30.4375, "F1": 0.1221048451321583, "log_prob": -Infinity, "AUC": 0.6866447368421053}