{"SHD": 27.09375, "F1": 0.17997777507973625, "log_prob": -Infinity, "AUC": 0.8065789473684211}