{"SHD": 29.75, "F1": 0.12162138158687896, "log_prob": -Infinity, "AUC": 0.7048026315789474}