{"SHD": 27.75, "F1": 0.07163342695883959, "log_prob": -Infinity, "AUC": 0.6307236842105264}