{"SHD": 26.65625, "F1": 0.08339185313736286, "log_prob": -Infinity, "AUC": 0.605328947368421}