{"SHD": 28.59375, "F1": 0.13226943635950988, "log_prob": -Infinity, "AUC": 0.6954605263157894}