{"SHD": 28.3125, "F1": 0.07776087599845541, "log_prob": -Infinity, "AUC": 0.6327631578947368}