{"SHD": 29.46875, "F1": 0.1462889098170488, "log_prob": -Infinity, "AUC": 0.7348684210526315}