{"SHD": 29.0625, "F1": 0.054092730161149266, "log_prob": -Infinity, "AUC": 0.5526315789473685}