{"SHD": 29.125, "F1": 0.1395633928019131, "log_prob": -Infinity, "AUC": 0.7410526315789474}