{"SHD": 27.28125, "F1": 0.16859301751872852, "log_prob": -Infinity, "AUC": 0.8011842105263158}