{"SHD": 27.6875, "F1": 0.17308362869264374, "log_prob": -Infinity, "AUC": 0.7604605263157894}