{"SHD": 30.0, "F1": 0.1354984431827885, "log_prob": -Infinity, "AUC": 0.7308552631578947}