{"SHD": 27.96875, "F1": 0.1421220964630615, "log_prob": -Infinity, "AUC": 0.7590131578947369}