{"SHD": 29.0625, "F1": 0.08556401933035378, "log_prob": -Infinity, "AUC": 0.7000000000000001}