{"SHD": 28.625, "F1": 0.14236546434549435, "log_prob": -Infinity, "AUC": 0.7134868421052631}