{"SHD": 29.53125, "F1": 0.10248703054656796, "log_prob": -Infinity, "AUC": 0.5811842105263159}