{"SHD": 29.0, "F1": 0.16683499625803863, "log_prob": -Infinity, "AUC": 0.8165131578947368}