{"SHD": 27.3125, "F1": 0.0766677928874845, "log_prob": -Infinity, "AUC": 0.5850657894736843}