{"e_shd": [56.06999969482422, 33.720001220703125, 31.93000030517578, 44.290000915527344, 55.59000015258789, 45.290000915527344, 28.75, 39.220001220703125, 37.66999816894531, 47.689998626708984, 30.280000686645508, 23.56999969482422, 27.149999618530273, 46.150001525878906, 48.029998779296875, 31.010000228881836, 54.97999954223633, 36.66999816894531, 44.959999084472656, 52.400001525878906], "e_f1": [0.2233229025923338, 0.19815914950252908, 0.33313975817411573, 0.19138322246411832, 0.22676099780113962, 0.2741012941572772, 0.262390478160996, 0.20150241336580993, 0.2623547027551669, 0.2040902787852522, 0.3009308532197372, 0.22888313921664458, 0.3357369813382447, 0.28007725839511577, 0.1674622648436163, 0.28851091820157454, 0.2781499234623369, 0.25083947757914266, 0.27680831733468064, 0.2911249112343642]}