{"e_shd": [28.6299991607666, 22.450000762939453, 29.31999969482422, 28.6200008392334, 22.920000076293945, 29.899999618530273, 28.15999984741211, 24.799999237060547, 24.65999984741211, 28.329999923706055, 26.25, 26.3799991607666, 27.93000030517578, 30.610000610351562, 27.040000915527344, 25.59000015258789, 23.729999542236328, 21.389999389648438, 28.6299991607666, 23.239999771118164], "e_f1": [0.23791712846624338, 0.41143344187454384, 0.24354301422019836, 0.24139088359266198, 0.4024381152991581, 0.2020387420406541, 0.25617758430672344, 0.3230323423272275, 0.33955941575918236, 0.23260528970765038, 0.33329250744486855, 0.2885752048675184, 0.26699205107646007, 0.185094586820328, 0.23338568236196694, 0.33725681368813015, 0.36252579497027, 0.3913359628047015, 0.23320758217245158, 0.3621961324292912]}