{"e_shd": [20.719999313354492, 17.200000762939453, 20.40999984741211, 19.780000686645508, 23.8799991607666, 18.530000686645508, 18.06999969482422, 22.8799991607666, 19.65999984741211, 21.010000228881836, 23.75, 18.5, 23.020000457763672, 18.020000457763672, 22.75, 23.190000534057617, 19.010000228881836, 22.739999771118164, 22.459999084472656, 22.889999389648438], "e_f1": [0.2568730473230695, 0.3573750278347696, 0.2471341934935776, 0.2635180426929918, 0.16540243872166507, 0.34101050650046033, 0.3130052026404678, 0.1846205072383221, 0.27213055776939316, 0.2363467871138366, 0.16618998637516472, 0.3321132591669019, 0.1719685125131916, 0.302777962503059, 0.157158535273182, 0.15787584984994912, 0.2763916092923696, 0.14635486714666268, 0.1773352364645972, 0.15177570305183596]}