{"e_shd": [46.04999923706055, 44.619998931884766, 44.88999938964844, 43.36000061035156, 41.79999923706055, 43.130001068115234, 42.959999084472656, 41.7599983215332, 42.68000030517578, 41.59000015258789, 43.93000030517578, 44.04999923706055, 43.220001220703125, 41.91999816894531, 41.279998779296875, 40.25, 40.27000045776367, 46.22999954223633, 45.22999954223633, 44.08000183105469], "e_f1": [0.1947183914775648, 0.2050443660217448, 0.23585814574235137, 0.2589033509438734, 0.2596659197324566, 0.23898970251276785, 0.2798139050554258, 0.2959998688358883, 0.2558371163214243, 0.28616573713939014, 0.23320223523443662, 0.22559513508707404, 0.23880763299400198, 0.28120403097074376, 0.30572035538033177, 0.28692518722072796, 0.3105832570862113, 0.21995334576033884, 0.23373249873541982, 0.21094527107401517]}