{"e_shd": [51.849998474121094, 53.301998138427734, 56.922000885009766, 54.316001892089844, 57.20800018310547, 52.0099983215332, 54.029998779296875, 49.25600051879883, 50.51599884033203, 49.63399887084961, 48.70800018310547, 57.939998626708984, 51.61800003051758, 53.981998443603516, 50.402000427246094, 56.25600051879883, 52.64400100708008, 46.93000030517578, 52.14400100708008, 47.349998474121094, 46.119998931884766, 50.81999969482422, 51.768001556396484, 48.92399978637695, 54.68199920654297], "e_f1": [0.19473399164425123, 0.14854391042800427, 0.16013809877245808, 0.1807725389736364, 0.15041734645084262, 0.1850853161168128, 0.17889832186245805, 0.1827644721182672, 0.20444218045910365, 0.1411412055360391, 0.19434846193455155, 0.16765975154592566, 0.18109397038923952, 0.191175310644025, 0.1633713382588949, 0.18165840402231545, 0.18019157786253961, 0.23907875176066246, 0.17563802214464427, 0.1972254091371323, 0.19822585347651756, 0.1966752452313636, 0.19130401839088274, 0.21533286275228267, 0.14628372429638506], "auc": [0.7971052631578948, 0.7559210526315789, 0.7936842105263158, 0.8071052631578947, 0.7668421052631579, 0.7900657894736842, 0.8072368421052633, 0.856842105263158, 0.8526973684210526, 0.7606578947368421, 0.8617763157894737, 0.8146052631578947, 0.7983552631578947, 0.8232894736842106, 0.7609868421052632, 0.8181578947368421, 0.7992763157894738, 0.8941447368421053, 0.7994078947368422, 0.8742105263157895, 0.8463815789473684, 0.8082236842105263, 0.8180921052631579, 0.86375, 0.7283552631578948], "log_prob": [-79.38720703125, -83.95320892333984, -84.49862670898438, -81.73365783691406, -86.25509643554688, -81.8883056640625, -80.19039154052734, -70.02615356445312, -74.76351928710938, -78.79225158691406, -70.26701354980469, -83.96627807617188, -82.35869598388672, -81.73339080810547, -75.4927978515625, -83.18803405761719, -91.55284118652344, -65.52632141113281, -78.98927307128906, -67.61221313476562, -67.75051879882812, -81.4559555053711, -79.14631652832031, -70.69483947753906, -92.98131561279297]}