{"e_shd": [71.16600036621094, 66.19999694824219, 72.15599822998047, 70.99400329589844, 73.11599731445312, 70.03600311279297, 70.89399719238281, 63.95600128173828, 65.55000305175781, 68.90599822998047, 70.66400146484375, 67.7959976196289, 70.85399627685547, 65.53199768066406, 66.86399841308594, 72.29399871826172, 71.37000274658203, 77.32599639892578, 72.41000366210938, 68.2959976196289, 72.83799743652344, 70.18000030517578, 68.56800079345703, 69.85800170898438, 71.9020004272461], "e_f1": [0.28104563012930284, 0.32447531238294924, 0.27920603590430204, 0.28350578876721205, 0.24494699321019114, 0.27579698574616396, 0.26217467546620266, 0.3157352321440106, 0.3051106897356944, 0.2879185367190866, 0.27888947113524265, 0.2993858201588736, 0.24622549021495563, 0.3085341193141527, 0.31797303037165875, 0.27212594733188644, 0.26413366750442363, 0.22976312165647278, 0.23543734719235085, 0.29304654671906005, 0.2628036548481546, 0.281408909729338, 0.28433517970781363, 0.29260867220509934, 0.27632683298325683], "auc": [0.8485763888888889, 0.8780555555555556, 0.8380555555555556, 0.8379861111111111, 0.8062152777777778, 0.8242361111111112, 0.8198958333333334, 0.8869791666666667, 0.867013888888889, 0.8496875, 0.8314583333333333, 0.8498958333333334, 0.8028125, 0.8756597222222222, 0.8700694444444445, 0.83375, 0.8252083333333333, 0.7579166666666667, 0.800451388888889, 0.8688888888888889, 0.833576388888889, 0.8345138888888889, 0.8625347222222223, 0.8599652777777778, 0.8279861111111112], "log_prob": [-104.17162322998047, -94.66969299316406, -102.06023406982422, -102.91351318359375, -115.04432678222656, -115.86579895019531, -109.37014770507812, -92.03306579589844, -96.91802978515625, -99.08922576904297, -107.21199798583984, -104.94955444335938, -108.51296997070312, -93.66024017333984, -94.68287658691406, -103.54500579833984, -105.86504364013672, -119.89746856689453, -109.10501098632812, -96.4761962890625, -105.31924438476562, -100.33357238769531, -96.92252349853516, -98.63272857666016, -109.19171905517578]}