{"e_shd": [83.33999633789062, 87.60199737548828, 82.13400268554688, 80.85800170898438, 90.70800018310547, 84.74600219726562, 78.94000244140625, 80.2959976196289, 88.84400177001953, 78.37000274658203, 86.19999694824219, 80.0260009765625, 85.56600189208984, 83.68800354003906, 85.84200286865234, 78.33399963378906, 83.28600311279297, 81.6780014038086, 80.2979965209961, 80.89600372314453, 90.41000366210938, 81.30599975585938, 84.03399658203125, 82.3740005493164, 86.7020034790039], "e_f1": [0.29371227169980635, 0.2769872318913332, 0.3096975664484718, 0.32086547717434627, 0.2610771254766459, 0.29677446479037534, 0.33976297987716364, 0.3112556849901532, 0.24651384388788955, 0.3291105243740223, 0.2853004819077554, 0.32101104843113787, 0.2927295244697282, 0.2899563235292534, 0.275249967874523, 0.35842744680053285, 0.3064791814345133, 0.31302180050786715, 0.34309848749825284, 0.31669144403085825, 0.25215910835415195, 0.3203480916839767, 0.3138692371211785, 0.31624851561743705, 0.28297600905273046], "auc": [0.8133578431372549, 0.8172058823529411, 0.833235294117647, 0.8519607843137256, 0.7893627450980392, 0.8156862745098039, 0.8558333333333333, 0.8200735294117647, 0.7820098039215686, 0.8379656862745097, 0.78375, 0.8686519607843137, 0.8062009803921568, 0.8298529411764706, 0.7569607843137256, 0.8688970588235294, 0.8172794117647059, 0.8352205882352941, 0.8535294117647059, 0.8571813725490196, 0.7235539215686274, 0.832671568627451, 0.8295098039215686, 0.8584803921568627, 0.7954166666666668], "log_prob": [-128.70156860351562, -132.43170166015625, -127.12251281738281, -125.24237823486328, -149.10137939453125, -129.45010375976562, -117.97361755371094, -126.66500091552734, -138.34800720214844, -125.42727661132812, -135.7839813232422, -119.44107055664062, -130.10299682617188, -128.98452758789062, -154.31788635253906, -114.72262573242188, -126.42062377929688, -122.88218688964844, -121.25621032714844, -121.82232666015625, -146.51815795898438, -126.02436828613281, -129.51951599121094, -123.19248962402344, -133.173583984375]}