{"e_shd": [57.31800079345703, 72.13999938964844, 85.97799682617188, 73.96399688720703, 54.34400177001953, 68.88200378417969, 68.73999786376953, 65.98999786376953, 79.37999725341797, 58.54399871826172, 55.63800048828125, 63.645999908447266, 65.16600036621094, 80.91600036621094, 85.99800109863281, 74.71800231933594, 81.4739990234375, 69.1760025024414, 80.58399963378906, 48.50199890136719, 69.45999908447266, 77.35800170898438, 57.20399856567383, 72.85199737548828, 69.10399627685547, 61.332000732421875, 74.302001953125, 75.45800018310547, 62.566001892089844, 75.66200256347656, 74.34400177001953, 65.5, 67.86199951171875, 85.0199966430664, 83.53399658203125, 69.74600219726562, 76.33599853515625, 75.38400268554688, 75.44000244140625, 71.11399841308594, 79.67400360107422, 64.80999755859375, 79.64399719238281, 63.79199981689453, 74.33999633789062, 86.37200164794922, 67.08999633789062, 85.0, 65.30799865722656, 76.97200012207031, 67.16600036621094, 83.85800170898438, 66.8239974975586, 64.63600158691406, 84.78600311279297, 69.77200317382812, 73.64199829101562, 84.08799743652344, 82.83799743652344, 74.80799865722656, 63.402000427246094, 86.90599822998047, 68.74600219726562, 51.970001220703125, 88.53800201416016, 81.16400146484375, 62.9119987487793, 64.22799682617188, 83.6500015258789, 85.5780029296875, 77.02400207519531, 63.92599868774414, 78.25, 72.0979995727539, 65.60399627685547, 84.10399627685547, 73.90599822998047, 78.05999755859375, 73.197998046875, 53.34600067138672, 81.30599975585938, 66.34400177001953, 88.20999908447266, 78.63800048828125, 58.91600036621094, 88.26399993896484, 71.197998046875, 55.53200149536133, 86.13200378417969, 70.20600128173828, 72.63800048828125, 70.29399871826172, 85.53199768066406, 72.35600280761719, 83.45600128173828, 67.23799896240234, 85.48600006103516, 79.95600128173828, 81.35399627685547, 78.93199920654297], "e_f1": [0.18253640788345996, 0.18433557809237147, 0.2768801212923987, 0.22130182473500276, 0.2409393368322635, 0.2298022883275927, 0.22030259960452672, 0.2284431350532823, 0.3203479687776305, 0.18177237287547393, 0.1603204424436317, 0.1912957051233976, 0.23688107165783304, 0.24120457567582657, 0.29346914608769226, 0.25493703625732167, 0.2593511085547715, 0.19422737633954779, 0.2876433594211592, 0.2449855215694983, 0.23999735517410414, 0.2359289231314156, 0.1811712219934737, 0.23065475832583604, 0.2736061608408957, 0.1695274912635614, 0.28719657408062943, 0.273593277010563, 0.20674211719971317, 0.22562052016898482, 0.20976351370122734, 0.252507714376977, 0.23947134883643476, 0.23441830624123544, 0.264445654656605, 0.2503015221982315, 0.2642391413396581, 0.20750695080451925, 0.21661687105992092, 0.19731524477633275, 0.2785012546822444, 0.21001411902401526, 0.2592944216429142, 0.18157061459894572, 0.2773360858078803, 0.2821086253241943, 0.2769157685611527, 0.2620477931027324, 0.2270613204562644, 0.24858161324823239, 0.25639937491386044, 0.24240773089839543, 0.19992509320039326, 0.2202168633880986, 0.2139352119738159, 0.23631995426892008, 0.2280643291421619, 0.2731043000797389, 0.29793722467039513, 0.20221868121889447, 0.2040503730689514, 0.23834241425831576, 0.19586593848752007, 0.18743035291219712, 0.25277865877311306, 0.24451625559858878, 0.18089200003754152, 0.18547894229790615, 0.27771451931170055, 0.31020028054441223, 0.2608421545735455, 0.19587242917681597, 0.2557120627087651, 0.230334396738147, 0.159114030095803, 0.24956175913993808, 0.25742760829382205, 0.24386552589141924, 0.19776222524072773, 0.1554481735333602, 0.26494216199243137, 0.22506559814335694, 0.22017691622533117, 0.2118398340357356, 0.1527756784536806, 0.26707033996998897, 0.17813376481430152, 0.19160915708827786, 0.29438853710682306, 0.24847288105997917, 0.23037979519181465, 0.23339682116058058, 0.2670524070012159, 0.20936785546737194, 0.27391772271154174, 0.18178633203996725, 0.2303599998254563, 0.2561400630644691, 0.2552118860113279, 0.26159539293510176], "auc": [0.8588815789473684, 0.80736, 0.7655201550772901, 0.7271823282903616, 0.8720087379604806, 0.7627005870841488, 0.7913963963963964, 0.796448087431694, 0.7988146375944756, 0.8547368421052632, 0.8136123136123137, 0.831198490715917, 0.8116508152173912, 0.7410571428571427, 0.7959770114942528, 0.79202579711892, 0.7987850567330336, 0.7244951481772882, 0.7805992061334349, 0.8644078947368421, 0.8000521182339364, 0.7811918063314711, 0.8412489006156553, 0.7952687639336141, 0.8286929339924396, 0.7965824852368387, 0.8344008090342154, 0.7657464890603339, 0.8578789893617021, 0.7739874638379942, 0.7335037999857945, 0.8417711346833815, 0.8149534748473394, 0.744169982316534, 0.7979718340492632, 0.7927083333333333, 0.8011991600353668, 0.7944896772317535, 0.7337057728119181, 0.691457730633237, 0.8057232481060606, 0.8012826470861605, 0.7920658314910342, 0.8301750886524824, 0.7913326502320536, 0.7813758139072517, 0.830625, 0.7682476943346508, 0.8550515847197696, 0.761155625040714, 0.8145899970921779, 0.7104332449160035, 0.7980769230769231, 0.8557178116001646, 0.7414675271818129, 0.7845146255223402, 0.7616685916162782, 0.8369700283314281, 0.8341651542649726, 0.744955699501154, 0.8016544288502649, 0.7420079779762908, 0.7334869431643626, 0.8680921052631578, 0.7569696969696968, 0.7842053549496437, 0.7972582972582972, 0.7677489822261939, 0.7763109354413702, 0.8078186274509803, 0.7939545536736785, 0.8471849865951743, 0.8048723763009478, 0.7786692759295499, 0.8095079787234043, 0.7650503810546775, 0.8014063498828042, 0.7621776504297995, 0.7005479452054795, 0.7182434979268753, 0.7941457385246362, 0.8048573369565217, 0.6860079051383399, 0.7405946791862285, 0.7378102836879433, 0.7461519607843137, 0.7318384474167322, 0.7474916387959867, 0.801624792358804, 0.8462248739257049, 0.7891061452513966, 0.8388278388278388, 0.8022794117647059, 0.7313894324853228, 0.8101375888701345, 0.7455417798913044, 0.7224282263048486, 0.7880004281738386, 0.7715040170796112, 0.8166496424923392], "log_prob": [-75.88803100585938, -96.4887924194336, -138.73489379882812, -115.82315826416016, -76.81045532226562, -104.20556640625, -99.29036712646484, -98.87234497070312, -127.29705810546875, -76.41639709472656, -77.75856018066406, -88.5400390625, -94.9006118774414, -133.59677124023438, -136.5978546142578, -116.65400695800781, -130.05990600585938, -105.72809600830078, -130.6876220703125, -66.47908020019531, -105.1452407836914, -115.3597183227539, -77.58786010742188, -104.12581634521484, -102.24696350097656, -82.69477844238281, -115.97332000732422, -122.54217529296875, -83.43145751953125, -109.25997924804688, -114.48948669433594, -95.74235534667969, -104.65151977539062, -137.77783203125, -127.74667358398438, -111.01939392089844, -125.78473663330078, -110.70858764648438, -119.20394134521484, -112.36740112304688, -120.4351806640625, -94.90499114990234, -121.55835723876953, -87.06986999511719, -116.97978973388672, -139.33084106445312, -102.44502258300781, -137.150634765625, -89.05424499511719, -124.01953125, -100.77400970458984, -136.26132202148438, -95.42742919921875, -86.96086883544922, -132.65682983398438, -102.16242218017578, -116.36009216308594, -131.01065063476562, -127.73838806152344, -112.3585433959961, -92.14999389648438, -135.9669189453125, -100.69801330566406, -70.69297790527344, -139.67083740234375, -121.89459991455078, -86.2726821899414, -93.77490997314453, -130.41217041015625, -136.78590393066406, -119.3963623046875, -87.52497863769531, -121.18087768554688, -108.543701171875, -89.16635131835938, -140.17141723632812, -110.80180358886719, -130.52679443359375, -127.15360260009766, -81.27960205078125, -127.68670654296875, -96.22852325439453, -149.67889404296875, -124.4928970336914, -88.92076873779297, -147.43881225585938, -104.29695129394531, -86.00157165527344, -132.88397216796875, -102.9453125, -113.7554931640625, -100.58272552490234, -137.52313232421875, -111.12274169921875, -131.32369995117188, -102.34220123291016, -137.73361206054688, -132.63433837890625, -128.12464904785156, -113.81889343261719]}