{"e_shd": [95.81600189208984, 86.6500015258789, 87.13800048828125, 84.74600219726562, 86.77799987792969, 83.97599792480469, 86.24600219726562, 88.74400329589844, 87.60399627685547, 85.23400115966797, 85.87200164794922, 85.3740005493164, 92.43199920654297, 84.23600006103516, 86.87799835205078, 85.4260025024414, 82.34400177001953, 82.57599639892578, 81.5979995727539, 84.45999908447266, 87.697998046875, 89.03399658203125, 87.69599914550781, 84.58000183105469, 85.38600158691406, 86.0459976196289, 87.4219970703125, 79.4540023803711, 87.9020004272461, 85.20999908447266, 86.21800231933594, 84.56800079345703, 88.38400268554688, 88.3479995727539, 89.84600067138672, 93.55799865722656, 88.42400360107422, 83.2979965209961, 86.90799713134766, 86.6780014038086, 91.25599670410156, 85.0780029296875, 84.46199798583984, 86.39399719238281, 85.36599731445312, 83.0780029296875, 85.54000091552734, 89.08399963378906, 89.8219985961914, 92.91600036621094, 88.26399993896484, 85.10600280761719, 88.2020034790039, 86.51399993896484, 88.60800170898438, 81.93599700927734, 83.33999633789062, 87.08399963378906, 86.9800033569336, 82.49800109863281, 84.94400024414062, 86.22000122070312, 89.48200225830078, 88.62799835205078, 87.1240005493164, 85.04000091552734, 85.10199737548828, 86.6780014038086, 78.75599670410156, 83.08799743652344, 91.18399810791016, 87.14399719238281, 85.5780029296875, 87.98600006103516, 88.86799621582031, 83.35199737548828, 85.51599884033203, 89.70800018310547, 88.31999969482422, 86.84200286865234, 90.36199951171875, 85.60600280761719, 87.43199920654297, 88.22000122070312, 85.8499984741211, 90.72599792480469, 88.5459976196289, 86.44599914550781, 87.81800079345703, 81.89600372314453, 87.35199737548828, 83.81800079345703, 86.89800262451172, 84.98799896240234, 91.1259994506836, 86.22200012207031, 85.0979995727539, 82.71800231933594, 89.04399871826172, 81.7699966430664], "e_f1": [0.2536701550843285, 0.318154534721134, 0.26137468406294295, 0.26750489506463115, 0.3067642686279879, 0.32352547848077445, 0.29861471574677534, 0.2778396120045762, 0.24591818012684827, 0.28216753246909765, 0.26065627564761984, 0.30066846821150317, 0.24784109029961773, 0.27991073602015853, 0.2930600556341649, 0.2648745093232899, 0.2998549189518673, 0.33279215196552053, 0.29958481977580825, 0.27774982201013304, 0.23819751917494597, 0.2719063303393086, 0.2849129133932956, 0.2458251668760358, 0.285317931738477, 0.28263021083423284, 0.2630472696012486, 0.333844099864977, 0.27639886692133847, 0.2670421756419639, 0.3070996661254094, 0.2891702884303782, 0.25787130661827257, 0.26649969367281984, 0.2627553114467996, 0.2532377351223836, 0.24383993182594074, 0.2800496294551935, 0.273534422567051, 0.2895375661415063, 0.2511954250058759, 0.24510543036818538, 0.3016464037148381, 0.28046208934434674, 0.2839480055126096, 0.3068084820635597, 0.31977476981040914, 0.2747067024718996, 0.26113786563984215, 0.2625313741170313, 0.2695415579276167, 0.30164845504288984, 0.2640068296834156, 0.2812553401062004, 0.26729952937472495, 0.3021685179264184, 0.28329512491023856, 0.2833504261633199, 0.2856301143521649, 0.31608859880828766, 0.2811436214100021, 0.25269917217010923, 0.24874028484262123, 0.26086454752600785, 0.2815697382641009, 0.26614984277959347, 0.2883723946654329, 0.2682688213147427, 0.30040612812855055, 0.2976535055638564, 0.22385300994329885, 0.2572949928900015, 0.29936994330498695, 0.25892388228823726, 0.26340235177961224, 0.26604026148860227, 0.30913769872921487, 0.2584312736983403, 0.2628083432769651, 0.2536177969793559, 0.2635173457783875, 0.28654820515759344, 0.2909053684349535, 0.2704245435103484, 0.2877161938279197, 0.26291062589953096, 0.25511074816559604, 0.23971714830722476, 0.2534428833719903, 0.2810087064229043, 0.29594069892952474, 0.2893847888169957, 0.2696453192000167, 0.2774768530162753, 0.25178274350247, 0.27145100188272125, 0.3121543960454656, 0.32106993885968077, 0.23955975498368026, 0.33594981152840897], "auc": [0.6981617647058823, 0.818578431372549, 0.7538235294117647, 0.7919607843137254, 0.7958823529411765, 0.8222794117647059, 0.7384558823529412, 0.7859313725490196, 0.7489705882352942, 0.8174509803921569, 0.7634803921568627, 0.7889460784313725, 0.7352450980392157, 0.7691666666666667, 0.7943382352941176, 0.7796813725490196, 0.8342647058823529, 0.8468872549019608, 0.790906862745098, 0.8012009803921569, 0.7462990196078432, 0.7377941176470588, 0.760563725490196, 0.8224019607843138, 0.8371323529411765, 0.7978676470588235, 0.7678186274509804, 0.8641666666666666, 0.7412254901960784, 0.8014215686274511, 0.8036764705882353, 0.7937009803921569, 0.730343137254902, 0.7557843137254902, 0.6895343137254902, 0.7410539215686275, 0.7554656862745098, 0.8164460784313725, 0.7712009803921568, 0.7983088235294118, 0.7553186274509804, 0.7582352941176471, 0.8052450980392157, 0.7870588235294118, 0.7624509803921569, 0.8175, 0.8157598039215687, 0.7741421568627451, 0.7431372549019607, 0.7705637254901961, 0.7497549019607843, 0.7851225490196078, 0.7567156862745098, 0.8127205882352941, 0.7465686274509804, 0.8433088235294118, 0.7746323529411765, 0.8036274509803921, 0.7896323529411764, 0.8278431372549019, 0.779436274509804, 0.7606127450980391, 0.7539950980392157, 0.7608088235294117, 0.8047794117647058, 0.7972058823529412, 0.736642156862745, 0.7813725490196078, 0.8320098039215686, 0.8202205882352941, 0.707671568627451, 0.7837254901960784, 0.8027941176470588, 0.7954901960784313, 0.725735294117647, 0.7541911764705882, 0.838406862745098, 0.7704901960784314, 0.7812254901960785, 0.7444362745098039, 0.7008333333333334, 0.8103676470588236, 0.7630392156862744, 0.7921813725490197, 0.7665441176470589, 0.7467892156862745, 0.7716421568627451, 0.7625490196078432, 0.7504166666666667, 0.8203431372549019, 0.8154411764705883, 0.7787990196078431, 0.7576470588235295, 0.7852205882352942, 0.7449509803921569, 0.7526960784313725, 0.7794117647058824, 0.8362009803921568, 0.7353921568627451, 0.8349509803921569], "log_prob": [-161.31491088867188, -131.66714477539062, -146.13925170898438, -137.73214721679688, -138.0728759765625, -130.70664978027344, -149.414794921875, -142.0909423828125, -145.94387817382812, -134.13528442382812, -145.08346557617188, -139.6988525390625, -146.378173828125, -138.91876220703125, -136.35496520996094, -143.158935546875, -129.64541625976562, -126.80734252929688, -143.57308959960938, -138.3865509033203, -147.95327758789062, -146.17233276367188, -144.5786895751953, -138.12173461914062, -130.62100219726562, -139.76953125, -142.67987060546875, -121.7555160522461, -150.40736389160156, -138.01025390625, -135.25360107421875, -138.75025939941406, -151.0018310546875, -144.51239013671875, -155.45501708984375, -148.19281005859375, -150.64889526367188, -134.62474060058594, -141.68585205078125, -139.00897216796875, -148.49899291992188, -148.55319213867188, -136.54527282714844, -137.9349365234375, -144.2182159423828, -132.87782287597656, -132.41778564453125, -142.15365600585938, -148.58018493652344, -145.4696807861328, -145.4495086669922, -140.4770050048828, -146.54183959960938, -136.10723876953125, -145.03936767578125, -127.82801055908203, -136.70787048339844, -137.61183166503906, -137.32073974609375, -129.8885498046875, -139.40628051757812, -144.45196533203125, -146.93881225585938, -144.34359741210938, -136.10711669921875, -140.48326110839844, -146.84991455078125, -140.1754913330078, -129.16757202148438, -131.6532440185547, -150.0611572265625, -140.50137329101562, -136.44146728515625, -138.67506408691406, -147.45843505859375, -143.63504028320312, -129.31881713867188, -143.12353515625, -140.2291717529297, -150.82164001464844, -149.6092987060547, -136.64382934570312, -141.42112731933594, -139.37147521972656, -142.734619140625, -145.1071319580078, -143.41888427734375, -144.87017822265625, -147.0870361328125, -136.1927490234375, -134.11654663085938, -138.4541778564453, -144.43746948242188, -140.94149780273438, -148.5157928466797, -144.65887451171875, -140.30142211914062, -128.0361328125, -149.46328735351562, -127.34945678710938]}