{"e_shd": [60.18000030517578, 56.54800033569336, 58.5, 60.52199935913086, 55.99800109863281, 63.965999603271484, 57.444000244140625, 50.57600021362305, 53.402000427246094, 57.56399917602539, 53.444000244140625, 61.38199996948242, 52.305999755859375, 60.534000396728516, 56.45600128173828, 62.95600128173828, 49.20800018310547, 55.433998107910156, 60.10200119018555, 57.49599838256836, 55.89799880981445, 59.04600143432617, 53.03799819946289, 61.305999755859375, 54.25600051879883, 58.90999984741211, 52.391998291015625, 54.08399963378906, 59.65599822998047, 72.19000244140625, 59.652000427246094, 58.11399841308594, 58.7859992980957, 59.97200012207031, 60.70600128173828, 62.25199890136719, 57.900001525878906, 58.172000885009766, 53.9640007019043, 59.13399887084961, 59.827999114990234, 55.75199890136719, 57.44200134277344, 54.183998107910156, 55.65800094604492, 71.30999755859375, 52.847999572753906, 57.99399948120117, 51.86000061035156, 52.24800109863281, 55.27199935913086, 56.54800033569336, 53.13600158691406, 63.54199981689453, 54.54999923706055, 66.75800323486328, 58.06399917602539, 59.082000732421875, 60.74599838256836, 54.731998443603516, 56.0359992980957, 56.79800033569336, 59.90399932861328, 57.4379997253418, 61.571998596191406, 59.37799835205078, 56.678001403808594, 61.09199905395508, 58.86000061035156, 55.444000244140625, 60.72200012207031, 61.402000427246094, 59.2400016784668, 53.88999938964844, 56.79399871826172, 58.301998138427734, 59.05400085449219, 55.99599838256836, 55.02399826049805, 54.86800003051758, 62.24599838256836, 60.20800018310547, 62.0, 58.41600036621094, 58.25600051879883, 56.5260009765625, 60.040000915527344, 56.012001037597656, 58.65399932861328, 58.06800079345703, 55.10599899291992, 61.6619987487793, 59.52199935913086, 61.60599899291992, 59.29999923706055, 56.06999969482422, 57.70399856567383, 60.029998779296875, 56.91400146484375, 61.762001037597656], "e_f1": [0.152448414553823, 0.180273907921766, 0.16994245511068898, 0.1303535101557358, 0.17152775917155985, 0.14394517617392524, 0.18573614251298615, 0.1964703789729059, 0.1702967415025976, 0.18157859720163583, 0.1978858001802984, 0.13439839076169804, 0.18595335271513477, 0.14844690505757296, 0.18309484073987398, 0.16094255214367126, 0.2257708105903571, 0.18220729510250647, 0.1641798512980131, 0.13937628881841135, 0.18371590421186967, 0.19711451056052817, 0.20574118141674685, 0.16249853094077807, 0.15728724205257597, 0.20580465636778206, 0.19368251013721546, 0.169873046906932, 0.17449966837791864, 0.13624783946931363, 0.1591807384951384, 0.18431412256091256, 0.1871863053246768, 0.19034425471713523, 0.1616164726435805, 0.18497940422744172, 0.15712836181506132, 0.13264578624584428, 0.19379021081246264, 0.11442693771233117, 0.1420811848446013, 0.18911159941382436, 0.20198537820471313, 0.2259956866706478, 0.16806414128674424, 0.13774015607928722, 0.16902393708920335, 0.1840608924080987, 0.2266933813630587, 0.2377276653007543, 0.1741271541388753, 0.15716136724585575, 0.18367629766900767, 0.15642877361877153, 0.15845174757939037, 0.1454877944045616, 0.1687879562402067, 0.1739229138809489, 0.15760344918691127, 0.1858288001097097, 0.175141765893564, 0.16071545917329558, 0.13160280457228807, 0.17018369500530242, 0.14843730111025752, 0.15959566130671918, 0.16097446364692264, 0.14641315477878095, 0.18492221225080738, 0.17039901482684905, 0.15396959202266403, 0.20265235164815856, 0.19462462283697102, 0.1902191458722002, 0.1657386780357178, 0.1521216702991242, 0.18617314519013717, 0.15183905824300814, 0.20410664059045136, 0.1443722323549798, 0.15709221563288378, 0.14479925181562053, 0.14683343502298077, 0.1946517936854453, 0.1334514596658555, 0.12881874230827584, 0.15476495221509848, 0.1732882413707895, 0.18652553338993583, 0.18077499574328362, 0.1733207875160823, 0.1280531139287437, 0.16466419793912224, 0.17472790683554307, 0.17438701557788056, 0.1548454019646361, 0.2173242230591605, 0.18426818301826942, 0.16330661987931705, 0.15937582832708347], "auc": [0.7601315789473685, 0.7416447368421053, 0.8334210526315788, 0.7032236842105263, 0.8300657894736841, 0.7755921052631579, 0.7802631578947369, 0.8565131578947368, 0.8730263157894738, 0.8628947368421053, 0.8167105263157894, 0.7689473684210526, 0.8230921052631579, 0.7214473684210526, 0.8451315789473683, 0.7510526315789473, 0.8995394736842105, 0.8188815789473686, 0.8413815789473683, 0.8120394736842106, 0.8494736842105264, 0.8755921052631579, 0.8397368421052632, 0.7090131578947368, 0.7316447368421053, 0.8462500000000001, 0.8572368421052632, 0.8708552631578947, 0.8349342105263158, 0.7588157894736842, 0.7932894736842105, 0.8107236842105263, 0.825657894736842, 0.7911184210526315, 0.8152631578947368, 0.8233552631578948, 0.7840131578947368, 0.7769078947368421, 0.8863815789473685, 0.7321710526315789, 0.761578947368421, 0.875328947368421, 0.8389473684210526, 0.9028289473684211, 0.7723026315789473, 0.7188815789473684, 0.8290131578947368, 0.8539473684210527, 0.9076973684210528, 0.9038157894736842, 0.8403947368421052, 0.7951973684210526, 0.885328947368421, 0.7961842105263158, 0.7903289473684211, 0.7879605263157894, 0.8101315789473683, 0.8175, 0.7925657894736842, 0.7938815789473684, 0.7889473684210526, 0.7807236842105263, 0.7486184210526315, 0.8130263157894737, 0.7823684210526316, 0.8307236842105263, 0.8334868421052632, 0.7782236842105263, 0.8217763157894736, 0.8667105263157895, 0.7886184210526316, 0.8603289473684211, 0.8694736842105264, 0.8405921052631579, 0.8354605263157895, 0.8170394736842106, 0.8641447368421052, 0.7711184210526315, 0.8148026315789474, 0.8435526315789473, 0.7878947368421053, 0.7805263157894737, 0.8317105263157895, 0.824342105263158, 0.7760526315789473, 0.6840789473684211, 0.818421052631579, 0.8397368421052631, 0.8455263157894737, 0.8075, 0.7984210526315789, 0.7229605263157896, 0.8069078947368422, 0.7440131578947368, 0.8384868421052631, 0.75875, 0.888092105263158, 0.8544736842105263, 0.81875, 0.7836184210526316], "log_prob": [-84.09129333496094, -82.00033569335938, -78.45782470703125, -85.37864685058594, -76.30847930908203, -86.934814453125, -81.67646026611328, -69.08477020263672, -71.528564453125, -76.57942962646484, -74.13311004638672, -83.92911529541016, -73.54632568359375, -85.54966735839844, -76.39590454101562, -86.77093505859375, -65.70872497558594, -77.19143676757812, -79.44424438476562, -78.39418029785156, -73.86465454101562, -76.8778076171875, -71.58443450927734, -88.16718292236328, -79.02517700195312, -77.96539306640625, -71.17771911621094, -71.89674377441406, -80.45242309570312, -96.83364868164062, -80.92193603515625, -81.02891540527344, -79.45150756835938, -82.02499389648438, -81.8722915649414, -81.45067596435547, -79.42573547363281, -80.54353332519531, -70.80411529541016, -85.28617858886719, -82.91755676269531, -72.74644470214844, -76.21699523925781, -70.27899169921875, -80.1949462890625, -100.43293762207031, -73.6168212890625, -77.27360534667969, -68.4171142578125, -68.40225219726562, -74.42326354980469, -78.74295043945312, -70.93794250488281, -83.86347961425781, -76.91551208496094, -88.47679138183594, -79.31431579589844, -79.84058380126953, -82.37753295898438, -76.88646697998047, -78.46380615234375, -82.49278259277344, -83.46994018554688, -77.88104248046875, -85.05352783203125, -78.71250915527344, -76.94671630859375, -84.49809265136719, -79.94998168945312, -73.60600280761719, -82.02227783203125, -80.57745361328125, -77.65496826171875, -73.76715087890625, -76.94158172607422, -78.01227569580078, -76.78711700439453, -78.82575225830078, -76.32676696777344, -74.30728149414062, -84.74920654296875, -82.26910400390625, -81.79985046386719, -79.54869842529297, -80.41024780273438, -84.98146057128906, -80.24666595458984, -77.33686828613281, -78.72159576416016, -80.01568603515625, -75.8666000366211, -86.28175354003906, -81.43751525878906, -85.0317611694336, -77.71843719482422, -80.69815826416016, -74.71102142333984, -77.7830581665039, -78.45948791503906, -84.34140014648438]}