{"e_shd": [75.02400207519531, 71.60800170898438, 69.6760025024414, 74.91999816894531, 73.58999633789062, 75.13600158691406, 72.84400177001953, 69.96800231933594, 70.98799896240234, 75.18199920654297, 72.90399932861328, 74.46399688720703, 73.78199768066406, 74.39600372314453, 77.45800018310547, 73.55599975585938, 71.28399658203125, 67.72200012207031, 79.53800201416016, 67.14399719238281, 69.9520034790039, 71.1760025024414, 72.98400115966797, 75.68199920654297, 72.947998046875, 73.73999786376953, 77.64800262451172, 71.83000183105469, 71.44200134277344, 73.97599792480469, 74.52400207519531, 80.6760025024414, 71.00399780273438, 70.15599822998047, 68.32599639892578, 79.79199981689453, 73.98799896240234, 76.9739990234375, 69.40399932861328, 73.16799926757812, 68.55000305175781, 75.81999969482422, 74.02200317382812, 72.91000366210938, 74.9280014038086, 73.87799835205078, 74.8479995727539, 72.89199829101562, 72.76599884033203, 72.41600036621094, 69.89800262451172, 75.05400085449219, 76.3740005493164, 70.60399627685547, 76.83200073242188, 71.98200225830078, 76.37999725341797, 69.1780014038086, 72.8499984741211, 71.94599914550781, 73.31800079345703, 71.13800048828125, 72.87000274658203, 65.74600219726562, 75.60800170898438, 71.89199829101562, 73.54000091552734, 70.302001953125, 69.0719985961914, 77.18599700927734, 74.03600311279297, 69.93800354003906, 78.49400329589844, 72.93399810791016, 73.13600158691406, 71.197998046875, 72.4219970703125, 67.57599639892578, 70.79000091552734, 72.81400299072266, 73.75800323486328, 73.30000305175781, 73.56600189208984, 73.86000061035156, 82.81199645996094, 72.41999816894531, 69.19400024414062, 71.39600372314453, 71.48999786376953, 73.41999816894531, 70.9020004272461, 73.46800231933594, 73.7760009765625, 72.84200286865234, 70.38600158691406, 76.97599792480469, 72.43599700927734, 71.30799865722656, 75.45600128173828, 74.28199768066406], "e_f1": [0.24973748068873675, 0.202634771686537, 0.2104842804377464, 0.22340822406675487, 0.1824558703391138, 0.20194503121510823, 0.24222191247406802, 0.2578617741607298, 0.19965556988144786, 0.184087342567592, 0.18314609723935205, 0.18499578204723952, 0.2500067363084908, 0.2043746067069269, 0.18633271086401054, 0.18612564270799872, 0.2623497694305651, 0.2964508162830457, 0.20021184979506057, 0.2773229911926338, 0.22326712317575123, 0.2868335473346039, 0.2745683477784094, 0.23037269127433024, 0.24590818184963087, 0.24026956948152922, 0.22274354657178605, 0.23452481172010506, 0.23853426103916242, 0.26563649219482827, 0.22859859607490626, 0.1877390255246088, 0.2606399318539792, 0.2474552661597547, 0.2701516319198206, 0.19225398735195198, 0.23692019769034645, 0.19963292543128353, 0.22637347302229271, 0.25514955815555745, 0.25459827831333354, 0.23407538211056128, 0.22046558161302715, 0.21055404066246233, 0.23556752334537037, 0.24192536018117433, 0.2333348131730277, 0.25136605682122637, 0.26148935552205504, 0.23869542072184532, 0.2979755872829503, 0.19620415835689903, 0.18862598136793848, 0.2403323896993182, 0.2654993958531671, 0.1830795853025502, 0.21721298129898747, 0.24551994729119714, 0.18908852065440512, 0.2113649007215095, 0.2652955642191065, 0.24545815371554933, 0.26030241327581793, 0.30881609464274945, 0.24518345146059609, 0.26217638855718867, 0.24729714911002607, 0.27955348271264685, 0.24005784430718358, 0.22618083294018612, 0.2503694572327678, 0.26457816119957406, 0.20857539780998968, 0.25457974963957775, 0.25412516062441265, 0.2710681998595063, 0.2979882704898378, 0.24314153950186662, 0.2832638929419389, 0.23678991647262695, 0.24242599007537086, 0.2663456347522315, 0.23542992880917596, 0.22604480646020408, 0.21140044571009514, 0.2420551978181527, 0.2788702532257754, 0.27610924263351827, 0.25855226281946764, 0.24868779558040127, 0.2666009712204468, 0.2627294666721633, 0.24590904362232352, 0.28372186007506095, 0.2348462303902851, 0.19699074502189817, 0.22837595085760642, 0.23230742197567475, 0.2655175956010673, 0.2575315884612925], "auc": [0.8076736111111111, 0.7610069444444445, 0.7996527777777778, 0.7613541666666667, 0.7122916666666665, 0.7259375, 0.7976736111111111, 0.8362152777777777, 0.7188541666666667, 0.7369444444444445, 0.7497916666666666, 0.6869444444444444, 0.8243055555555556, 0.7546875000000001, 0.719375, 0.7225347222222223, 0.8190625, 0.8717361111111112, 0.7455208333333332, 0.8453819444444443, 0.8254166666666667, 0.8475, 0.8101736111111111, 0.7557638888888888, 0.7983680555555555, 0.7973958333333333, 0.7592708333333333, 0.806076388888889, 0.7717361111111111, 0.8360416666666667, 0.7902083333333334, 0.7337499999999999, 0.7939236111111111, 0.7842013888888889, 0.8685069444444444, 0.7322222222222221, 0.7890625, 0.729375, 0.7939236111111112, 0.7953472222222222, 0.8530902777777778, 0.7945138888888889, 0.7592708333333333, 0.7431597222222223, 0.833576388888889, 0.8107291666666666, 0.7582986111111111, 0.8105902777777778, 0.8640277777777778, 0.805, 0.8202083333333333, 0.7189583333333334, 0.7152083333333333, 0.783298611111111, 0.8244444444444444, 0.7312500000000001, 0.7372916666666667, 0.7811111111111111, 0.7524652777777778, 0.7183333333333334, 0.7955208333333333, 0.8166666666666667, 0.8012847222222222, 0.8715625, 0.8028819444444445, 0.8173263888888889, 0.8200347222222222, 0.8263194444444444, 0.7940625, 0.7764930555555556, 0.7929166666666667, 0.7914930555555556, 0.7568402777777778, 0.8275347222222222, 0.8257291666666666, 0.828125, 0.8642013888888889, 0.8292361111111111, 0.8641666666666666, 0.8117361111111111, 0.7951736111111112, 0.812048611111111, 0.7540972222222222, 0.7780208333333333, 0.7360069444444445, 0.8104513888888888, 0.8317361111111111, 0.8570138888888889, 0.8185069444444444, 0.82125, 0.7760069444444444, 0.8258680555555555, 0.7871180555555556, 0.8532291666666666, 0.7896180555555555, 0.7164236111111112, 0.769375, 0.7628819444444443, 0.8145833333333334, 0.7823958333333334], "log_prob": [-110.43714904785156, -112.17599487304688, -107.34205627441406, -114.26414489746094, -120.63143920898438, -117.529541015625, -110.0334243774414, -102.44552612304688, -117.08587646484375, -119.98631286621094, -116.81472778320312, -123.48120880126953, -107.84625244140625, -116.02476501464844, -121.28764343261719, -118.3026351928711, -106.95697784423828, -96.2716293334961, -119.09563446044922, -102.96419525146484, -104.71621704101562, -102.98633575439453, -107.71466827392578, -116.70342254638672, -110.51956176757812, -109.70330810546875, -118.93504333496094, -108.7862777709961, -113.48330688476562, -105.37726593017578, -110.65180206298828, -120.33607482910156, -108.09185028076172, -110.15154266357422, -99.06758880615234, -121.20841979980469, -112.69110107421875, -117.60394287109375, -108.30024719238281, -112.33253479003906, -101.07398986816406, -111.58550262451172, -114.63904571533203, -115.33704376220703, -108.16743469238281, -109.01008605957031, -117.51303100585938, -108.16482543945312, -102.59565734863281, -110.4441909790039, -107.24076843261719, -118.98387145996094, -120.00860595703125, -110.11225128173828, -109.39839935302734, -117.45663452148438, -117.7439193725586, -109.35145568847656, -116.15518188476562, -120.08799743652344, -109.77620697021484, -106.0721664428711, -109.04092407226562, -95.52660369873047, -109.45620727539062, -108.11222839355469, -107.32693481445312, -105.12030029296875, -107.97805786132812, -116.15951538085938, -108.72198486328125, -107.64817810058594, -117.65950012207031, -106.4088134765625, -107.53370666503906, -104.08011627197266, -101.22113037109375, -102.83418273925781, -100.82364654541016, -108.0152359008789, -110.31790161132812, -106.92461395263672, -119.20897674560547, -112.22817993164062, -125.6745376586914, -108.68802642822266, -103.23489379882812, -101.9951171875, -106.58809661865234, -107.4018325805664, -112.50555419921875, -105.94515991210938, -110.69384002685547, -103.78633880615234, -108.986328125, -122.28656768798828, -110.96302795410156, -113.13233184814453, -109.21270751953125, -112.21832275390625]}