{"SHD": 25.0625, "F1": 0.1653862753971844, "log_prob_1e_8": -207.47769165039062, "log_prob_1e_7": -184.45187377929688, "log_prob_1e_6": -161.42633056640625, "log_prob_1e_5": -138.40353393554688, "log_prob_1e_4": -115.40850830078125, "log_prob_1e_3": -92.6910400390625, "log_prob_1e_2": -72.77813720703125, "log_prob_1e_1": -83.62548828125, "AUC": 0.6936184210526315}