{"SHD": 27.09375, "F1": 0.11384067973715359, "log_prob_1e_8": -213.26300048828125, "log_prob_1e_7": -190.2371826171875, "log_prob_1e_6": -167.21160888671875, "log_prob_1e_5": -144.1884765625, "log_prob_1e_4": -121.19001770019531, "log_prob_1e_3": -98.43873596191406, "log_prob_1e_2": -78.23063659667969, "log_prob_1e_1": -87.77582550048828, "AUC": 0.6700000000000002}