{"SHD": 23.625, "F1": 0.20076655466017387, "log_prob_1e_8": -157.75039672851562, "log_prob_1e_7": -141.63232421875, "log_prob_1e_6": -125.51449584960938, "log_prob_1e_5": -109.39909362792969, "log_prob_1e_4": -93.30805969238281, "log_prob_1e_3": -77.46115112304688, "log_prob_1e_2": -64.12398529052734, "log_prob_1e_1": -80.05093383789062, "AUC": 0.7808552631578947}