{"SHD": 23.40625, "F1": 0.20552437545291635, "log_prob_1e_8": -188.19818115234375, "log_prob_1e_7": -167.47494506835938, "log_prob_1e_6": -146.7519989013672, "log_prob_1e_5": -126.03179931640625, "log_prob_1e_4": -105.33935546875, "log_prob_1e_3": -84.92443084716797, "log_prob_1e_2": -67.31270599365234, "log_prob_1e_1": -80.37916564941406, "AUC": 0.7338157894736842}