{"SHD": 22.09375, "F1": 0.2035394401224037, "log_prob_1e_8": -172.09335327148438, "log_prob_1e_7": -153.67269897460938, "log_prob_1e_6": -135.25228881835938, "log_prob_1e_5": -116.83435821533203, "log_prob_1e_4": -98.44140625, "log_prob_1e_3": -80.2984619140625, "log_prob_1e_2": -64.7198486328125, "log_prob_1e_1": -78.68156433105469, "AUC": 0.7679605263157895}