{"SHD": 24.15625, "F1": 0.16754232825831478, "log_prob_1e_8": -207.1597442626953, "log_prob_1e_7": -184.13392639160156, "log_prob_1e_6": -161.10838317871094, "log_prob_1e_5": -138.08544921875, "log_prob_1e_4": -115.08931732177734, "log_prob_1e_3": -92.36063385009766, "log_prob_1e_2": -72.34544372558594, "log_prob_1e_1": -82.61969757080078, "AUC": 0.6905263157894737}