{"SHD": 21.65625, "F1": 0.1670887697246393, "log_prob_1e_8": -222.05596923828125, "log_prob_1e_7": -196.7275390625, "log_prob_1e_6": -171.39938354492188, "log_prob_1e_5": -146.07374572753906, "log_prob_1e_4": -120.7732925415039, "log_prob_1e_3": -95.7254638671875, "log_prob_1e_2": -73.27232360839844, "log_prob_1e_1": -80.76697540283203, "AUC": 0.692171052631579}