{"SHD": 29.34375, "F1": 0.17179167828883682, "log_prob_1e_8": -119.13322448730469, "log_prob_1e_7": -109.92291259765625, "log_prob_1e_6": -100.71278381347656, "log_prob_1e_5": -91.5045394897461, "log_prob_1e_4": -82.31527709960938, "log_prob_1e_3": -73.31707763671875, "log_prob_1e_2": -66.36395263671875, "log_prob_1e_1": -86.80101013183594, "AUC": 0.802828947368421}