{"SHD": 30.03125, "F1": 0.16433854777468812, "log_prob_1e_8": -195.92523193359375, "log_prob_1e_7": -175.20199584960938, "log_prob_1e_6": -154.47906494140625, "log_prob_1e_5": -133.75889587402344, "log_prob_1e_4": -113.06695556640625, "log_prob_1e_3": -92.6568603515625, "log_prob_1e_2": -75.09493255615234, "log_prob_1e_1": -88.79849243164062, "AUC": 0.6881578947368421}