{"SHD": 22.03125, "F1": 0.12184445837978447, "log_prob_1e_8": -239.78988647460938, "log_prob_1e_7": -212.15887451171875, "log_prob_1e_6": -184.52816772460938, "log_prob_1e_5": -156.89993286132812, "log_prob_1e_4": -129.29733276367188, "log_prob_1e_3": -101.95092010498047, "log_prob_1e_2": -77.23075866699219, "log_prob_1e_1": -82.60555267333984, "AUC": 0.6688815789473683}