{"SHD": 22.28125, "F1": 0.2099116311469958, "log_prob_1e_8": -186.65818786621094, "log_prob_1e_7": -165.93495178222656, "log_prob_1e_6": -145.21200561523438, "log_prob_1e_5": -124.49179077148438, "log_prob_1e_4": -103.79931640625, "log_prob_1e_3": -83.38398742675781, "log_prob_1e_2": -65.76622009277344, "log_prob_1e_1": -78.65482330322266, "AUC": 0.7390789473684211}