{"SHD": 30.46875, "F1": 0.1110254228086234, "log_prob_1e_8": -201.048583984375, "log_prob_1e_7": -180.32534790039062, "log_prob_1e_6": -159.60235595703125, "log_prob_1e_5": -138.88177490234375, "log_prob_1e_4": -118.18540954589844, "log_prob_1e_3": -97.73202514648438, "log_prob_1e_2": -79.78402709960938, "log_prob_1e_1": -91.50874328613281, "AUC": 0.6638815789473684}