{"SHD": 25.09375, "F1": 0.18613490313454648, "log_prob_1e_8": -175.0315704345703, "log_prob_1e_7": -156.61093139648438, "log_prob_1e_6": -138.19052124023438, "log_prob_1e_5": -119.772705078125, "log_prob_1e_4": -101.38082885742188, "log_prob_1e_3": -83.24835205078125, "log_prob_1e_2": -67.75312805175781, "log_prob_1e_1": -82.06047821044922, "AUC": 0.7376973684210527}