{"SHD": 27.40625, "F1": 0.08891913203823668, "log_prob_1e_8": -216.98118591308594, "log_prob_1e_7": -193.95535278320312, "log_prob_1e_6": -170.92971801757812, "log_prob_1e_5": -147.90606689453125, "log_prob_1e_4": -124.90234375, "log_prob_1e_3": -102.0992660522461, "log_prob_1e_2": -81.44955444335938, "log_prob_1e_1": -89.20257568359375, "AUC": 0.6471710526315789}