{"SHD": 28.96875, "F1": 0.18812874197841284, "log_prob_1e_8": -131.08358764648438, "log_prob_1e_7": -119.57069396972656, "log_prob_1e_6": -108.05803680419922, "log_prob_1e_5": -96.54771423339844, "log_prob_1e_4": -85.06085205078125, "log_prob_1e_3": -73.80935668945312, "log_prob_1e_2": -64.987060546875, "log_prob_1e_1": -85.0995101928711, "AUC": 0.7915789473684209}