{"SHD": 25.5625, "F1": 0.18534439405827347, "log_prob_1e_8": -191.54713439941406, "log_prob_1e_7": -170.82388305664062, "log_prob_1e_6": -150.1009521484375, "log_prob_1e_5": -129.38063049316406, "log_prob_1e_4": -108.68727111816406, "log_prob_1e_3": -88.26329040527344, "log_prob_1e_2": -70.57135009765625, "log_prob_1e_1": -83.34614562988281, "AUC": 0.7188815789473684}