{"SHD": 26.09375, "F1": 0.17763539427236938, "log_prob_1e_8": -192.67202758789062, "log_prob_1e_7": -171.94879150390625, "log_prob_1e_6": -151.22579956054688, "log_prob_1e_5": -130.5054931640625, "log_prob_1e_4": -109.81193542480469, "log_prob_1e_3": -89.38587951660156, "log_prob_1e_2": -71.67240905761719, "log_prob_1e_1": -84.27165985107422, "AUC": 0.7030921052631579}