{"SHD": 26.40625, "F1": 0.20050690993153159, "log_prob_1e_8": -159.85389709472656, "log_prob_1e_7": -143.73583984375, "log_prob_1e_6": -127.61802673339844, "log_prob_1e_5": -111.50277709960938, "log_prob_1e_4": -95.41336059570312, "log_prob_1e_3": -79.58236694335938, "log_prob_1e_2": -66.37874603271484, "log_prob_1e_1": -82.92855834960938, "AUC": 0.7569078947368421}