{"SHD": 35.125, "F1": 0.09251779790371877, "log_prob_1e_8": -207.09359741210938, "log_prob_1e_7": -186.370361328125, "log_prob_1e_6": -165.6473388671875, "log_prob_1e_5": -144.92662048339844, "log_prob_1e_4": -124.22900390625, "log_prob_1e_3": -103.76318359375, "log_prob_1e_2": -85.72196960449219, "log_prob_1e_1": -97.51835632324219, "AUC": 0.6304605263157895}