{"SHD": 25.4375, "F1": 0.1486249133046488, "log_prob_1e_8": -181.74847412109375, "log_prob_1e_7": -163.32781982421875, "log_prob_1e_6": -144.90736389160156, "log_prob_1e_5": -126.48873901367188, "log_prob_1e_4": -108.08902740478516, "log_prob_1e_3": -89.87957763671875, "log_prob_1e_2": -73.72474670410156, "log_prob_1e_1": -85.29029846191406, "AUC": 0.7204605263157895}