{"SHD": 22.9375, "F1": 0.25111727598363615, "log_prob_1e_8": -122.53813171386719, "log_prob_1e_7": -111.02522277832031, "log_prob_1e_6": -99.5125732421875, "log_prob_1e_5": -88.00232696533203, "log_prob_1e_4": -76.51632690429688, "log_prob_1e_3": -65.27323913574219, "log_prob_1e_2": -56.52549362182617, "log_prob_1e_1": -76.80146789550781, "AUC": 0.8354605263157895}