{"SHD": 24.40625, "F1": 0.20848894122722683, "log_prob_1e_8": -173.78076171875, "log_prob_1e_7": -155.360107421875, "log_prob_1e_6": -136.93972778320312, "log_prob_1e_5": -118.52178955078125, "log_prob_1e_4": -100.12889862060547, "log_prob_1e_3": -81.98663330078125, "log_prob_1e_2": -66.42021179199219, "log_prob_1e_1": -80.69603729248047, "AUC": 0.7457236842105264}