{"SHD": 36.6875, "F1": 0.06834126352704864, "log_prob_1e_8": -273.7261962890625, "log_prob_1e_7": -243.7926025390625, "log_prob_1e_6": -213.8592987060547, "log_prob_1e_5": -183.9285125732422, "log_prob_1e_4": -154.02349853515625, "log_prob_1e_3": -124.37651062011719, "log_prob_1e_2": -97.40673828125, "log_prob_1e_1": -102.14530944824219, "AUC": 0.5203947368421054}