{"SHD": 26.8125, "F1": 0.17069633832708314, "log_prob_1e_8": -193.62811279296875, "log_prob_1e_7": -172.90487670898438, "log_prob_1e_6": -152.18194580078125, "log_prob_1e_5": -131.4615478515625, "log_prob_1e_4": -110.76744079589844, "log_prob_1e_3": -90.33624267578125, "log_prob_1e_2": -72.57955169677734, "log_prob_1e_1": -85.0713882446289, "AUC": 0.693092105263158}