{"SHD": 24.75, "F1": 0.1721704170091318, "log_prob_1e_8": -176.68984985351562, "log_prob_1e_7": -158.26919555664062, "log_prob_1e_6": -139.84878540039062, "log_prob_1e_5": -121.43070983886719, "log_prob_1e_4": -103.03620910644531, "log_prob_1e_3": -84.87811279296875, "log_prob_1e_2": -69.16258239746094, "log_prob_1e_1": -82.50907135009766, "AUC": 0.7353947368421052}