{"e_shd": [55.71799850463867, 54.63399887084961, 61.45800018310547, 56.74399948120117, 60.95600128173828, 56.19599914550781, 57.650001525878906, 50.86000061035156, 55.178001403808594, 57.013999938964844, 57.02000045776367, 56.12799835205078, 58.948001861572266, 54.12200164794922, 55.06399917602539, 59.18000030517578, 55.2140007019043, 61.933998107910156, 57.9379997253418, 54.64799880981445, 55.70399856567383, 55.97200012207031, 56.68600082397461, 56.84199905395508, 56.5880012512207], "e_f1": [0.28804645805193096, 0.2983193044089485, 0.25818677857534206, 0.2672468458682224, 0.21761279448832863, 0.28631607744924553, 0.2627771954638299, 0.34189172686043107, 0.29938955275976864, 0.2775027179725269, 0.30444835074906157, 0.2978881491724551, 0.2366687665515442, 0.3092610125720454, 0.2751323603885022, 0.23809724921185663, 0.2854045092987303, 0.1917057360352545, 0.24497424323170394, 0.31390513161181094, 0.28256256232826765, 0.26731735354343084, 0.29309679397227084, 0.26634747887130766, 0.2452218071023366], "auc": [0.8593055555555555, 0.8801388888888889, 0.8259722222222221, 0.8306944444444444, 0.8269444444444445, 0.8553819444444445, 0.8279513888888889, 0.9127083333333333, 0.8608333333333333, 0.8526041666666667, 0.8717013888888888, 0.8601041666666667, 0.8272222222222223, 0.8812847222222222, 0.8646875, 0.8142708333333333, 0.8701736111111111, 0.7314583333333333, 0.864375, 0.8943402777777778, 0.8695486111111113, 0.8417708333333334, 0.8746180555555555, 0.8748263888888889, 0.851875], "log_prob": [-92.94047546386719, -89.22264862060547, -98.97442626953125, -96.13328552246094, -103.10140991210938, -93.6348876953125, -122.63421630859375, -80.79515075683594, -94.64422607421875, -93.70285034179688, -92.54698181152344, -94.79690551757812, -102.59369659423828, -98.84732055664062, -90.54207611083984, -101.81147766113281, -92.43215942382812, -113.43531036376953, -95.48539733886719, -84.5819091796875, -92.66189575195312, -95.24588012695312, -89.50868225097656, -91.98011016845703, -97.14202880859375]}