{"e_shd": [75.41200256347656, 79.86799621582031, 72.06400299072266, 72.98600006103516, 80.87799835205078, 74.5260009765625, 73.51599884033203, 72.0459976196289, 79.36399841308594, 70.7040023803711, 76.35600280761719, 73.09200286865234, 74.11000061035156, 74.91600036621094, 75.50599670410156, 70.3759994506836, 72.85600280761719, 72.66999816894531, 73.06800079345703, 73.73200225830078, 78.06400299072266, 70.13400268554688, 72.4739990234375, 75.19000244140625, 76.56999969482422], "e_f1": [0.21127990106596586, 0.19518777980884153, 0.2621495341632306, 0.2823675834593334, 0.17728271948420626, 0.24713261588492652, 0.2613718388459287, 0.27290045903096777, 0.21337230923408027, 0.27412410140334137, 0.214168563070253, 0.25013813451852024, 0.24211061188980715, 0.23491449771437714, 0.21450322304902125, 0.2895364144068073, 0.25856443303181176, 0.23003080365060014, 0.2641233295177831, 0.2667414303286084, 0.2175579754017591, 0.267973963605443, 0.2413942006035573, 0.2267520256562975, 0.21024093702699426], "auc": [0.7684803921568628, 0.764093137254902, 0.8336764705882354, 0.8566911764705882, 0.7518627450980393, 0.8229901960784314, 0.839828431372549, 0.809485294117647, 0.7244607843137255, 0.8351470588235294, 0.7731127450980392, 0.8339460784313726, 0.7604901960784313, 0.7883578431372549, 0.741078431372549, 0.8612745098039215, 0.8028186274509803, 0.8088480392156863, 0.8338480392156863, 0.8179656862745098, 0.7328431372549019, 0.8271323529411765, 0.8005392156862745, 0.7942401960784314, 0.756078431372549], "log_prob": [-148.8524627685547, -148.41749572753906, -133.56637573242188, -126.84968566894531, -151.90081787109375, -135.09927368164062, -131.38514709472656, -137.03335571289062, -147.17526245117188, -133.43438720703125, -147.84298706054688, -134.6094512939453, -143.73670959472656, -144.96450805664062, -161.23655700683594, -123.10136413574219, -138.9329071044922, -141.95726013183594, -131.96725463867188, -133.56124877929688, -151.18408203125, -134.38388061523438, -142.88333129882812, -141.84271240234375, -146.51141357421875]}