{"e_shd": [40.03799819946289, 39.801998138427734, 47.821998596191406, 44.13199996948242, 44.41400146484375, 35.2400016784668, 39.64400100708008, 38.61399841308594, 37.75199890136719, 37.810001373291016, 37.75600051879883, 42.8380012512207, 38.27199935913086, 36.51599884033203, 39.21799850463867, 36.380001068115234, 42.11600112915039, 31.88800048828125, 35.88999938964844, 38.992000579833984, 38.30799865722656, 37.369998931884766, 41.6879997253418, 37.75600051879883, 38.183998107910156], "e_f1": [0.2532468543948289, 0.22336536356697945, 0.18723218879169093, 0.2395485154632642, 0.18575980325362437, 0.2622290659009546, 0.25439288710116, 0.26336487365266287, 0.2683292070884924, 0.15555105338883707, 0.20721708251970902, 0.2107235271376996, 0.23041867844179745, 0.23556306622460846, 0.19875354896212552, 0.2557864137169861, 0.23574979370204457, 0.29657890005613374, 0.31713266292002185, 0.27864981714879034, 0.2803524058637663, 0.254358211223953, 0.23691414404008207, 0.29812338264504956, 0.21686844369676056], "auc": [0.8229605263157895, 0.8698684210526315, 0.8170394736842105, 0.8611842105263158, 0.8138815789473685, 0.8807236842105262, 0.8738815789473684, 0.909671052631579, 0.8718421052631579, 0.8074342105263157, 0.8544736842105263, 0.8771052631578947, 0.8369078947368421, 0.8625657894736842, 0.7820394736842106, 0.8851973684210526, 0.8526315789473684, 0.9183552631578947, 0.9216447368421052, 0.925, 0.8705263157894737, 0.8257236842105263, 0.8467763157894738, 0.9122368421052631, 0.7963157894736842], "log_prob": [-63.051876068115234, -61.43497848510742, -73.78871154785156, -66.70479583740234, -69.2874755859375, -56.53497314453125, -60.478206634521484, -55.549354553222656, -59.55668640136719, -65.91567993164062, -60.91809844970703, -62.774147033691406, -63.46092224121094, -62.20329284667969, -64.75691986083984, -57.637027740478516, -67.64884185791016, -50.329437255859375, -52.634735107421875, -54.32194519042969, -58.323394775390625, -63.92926025390625, -64.54347229003906, -54.571006774902344, -67.75228881835938]}