{"e_shd": [36.87200164794922, 49.25, 74.14600372314453, 54.577999114990234, 34.512001037597656, 58.98400115966797, 51.262001037597656, 51.64799880981445, 72.71600341796875, 39.992000579833984, 37.768001556396484, 47.981998443603516, 49.06399917602539, 67.71199798583984, 76.64800262451172, 62.619998931884766, 71.31999969482422, 50.013999938964844, 71.74400329589844, 35.05799865722656, 55.09600067138672, 66.9739990234375, 36.03200149536133, 59.67399978637695, 48.262001037597656, 37.47999954223633, 66.11599731445312, 69.01000213623047, 47.395999908447266, 59.051998138427734, 60.0099983215332, 55.09199905395508, 58.91999816894531, 74.21399688720703, 79.61399841308594, 53.358001708984375, 70.43800354003906, 63.03200149536133, 64.04199981689453, 48.448001861572266, 65.66200256347656, 51.16999816894531, 72.30599975585938, 48.09600067138672, 66.52999877929688, 83.55599975585938, 53.83000183105469, 72.56999969482422, 53.375999450683594, 62.83000183105469, 53.3120002746582, 75.38200378417969, 51.9119987487793, 46.95800018310547, 78.36199951171875, 53.88800048828125, 61.54800033569336, 76.71600341796875, 74.43199920654297, 58.63600158691406, 48.91600036621094, 66.30999755859375, 52.7599983215332, 29.229999542236328, 80.31400299072266, 67.78199768066406, 43.650001525878906, 43.917999267578125, 76.9260025024414, 80.88800048828125, 62.0099983215332, 51.810001373291016, 72.93000030517578, 59.145999908447266, 45.194000244140625, 76.5739974975586, 68.33799743652344, 64.6240005493164, 63.06800079345703, 34.20399856567383, 72.40799713134766, 53.284000396728516, 84.0199966430664, 69.9280014038086, 37.06999969482422, 80.60800170898438, 52.58000183105469, 35.7239990234375, 80.2760009765625, 57.37200164794922, 64.79399871826172, 56.83599853515625, 77.3499984741211, 59.01599884033203, 80.74600219726562, 49.5880012512207, 73.22000122070312, 75.79399871826172, 70.11599731445312, 63.95000076293945], "e_f1": [0.22494408833825616, 0.20787111941084138, 0.2605893143508064, 0.20926395925092062, 0.21400246523546979, 0.24678242164159597, 0.21307104006376903, 0.2608890237129293, 0.3309870594350015, 0.24706118405308633, 0.1824535090860299, 0.19798463547203624, 0.2638222213025495, 0.22864022091183017, 0.287036854215463, 0.2571815185654323, 0.24287635404644578, 0.22656427158189146, 0.28074670142084596, 0.289415688701373, 0.2343968516514539, 0.21918829370014892, 0.2102129799382255, 0.23003057893545847, 0.25623885240169486, 0.1651191040941107, 0.25904710300278544, 0.26720220474081363, 0.22419596562205607, 0.2279912320581541, 0.1977785190701407, 0.2901036738589563, 0.23297174383753436, 0.21694103848772964, 0.2535358195279294, 0.20715559490197727, 0.2793596380550433, 0.22077448972278046, 0.22950497515099982, 0.22033879137206155, 0.27802020390665405, 0.21835783179928162, 0.2505029298455394, 0.2037414472486215, 0.305766473400235, 0.287453914675287, 0.30016503331473937, 0.2459957544526722, 0.23043053918662035, 0.27352518725042063, 0.23982376498395722, 0.22149357715405835, 0.21245519228385065, 0.21084146619532645, 0.22690100472114713, 0.2283728280146961, 0.22678093229983246, 0.25193220776202235, 0.2686555710706947, 0.1771596427140099, 0.22756202718059626, 0.20459256379319313, 0.21392234680050531, 0.13308095933178668, 0.22838839767406044, 0.23029515545983548, 0.2116495218663457, 0.18800897933933192, 0.26786662851250775, 0.2845548369519848, 0.23125918571361034, 0.18862267610030903, 0.24751086655947271, 0.22790132422302917, 0.15486417003683528, 0.2515695325725015, 0.24708936924221303, 0.23703120526961244, 0.20942880247826, 0.1664403090919044, 0.27837187801834695, 0.22254458794372003, 0.23190182410819662, 0.2039570242765649, 0.14261325680609807, 0.23569641848582187, 0.18548081640201708, 0.21921659245683975, 0.2857413694558893, 0.23664295554909523, 0.23246240925881853, 0.21426415938341994, 0.2327870119185489, 0.21385239211535467, 0.2567616604727179, 0.17472333166633736, 0.21797600561190092, 0.23665923878956527, 0.2662568347566173, 0.2652067261777025], "auc": [0.8788157894736843, 0.8187200000000001, 0.7478254386400915, 0.7359187442289936, 0.8615331148843213, 0.7354598825831703, 0.7644144144144144, 0.8135647701703632, 0.810450763960633, 0.8931578947368422, 0.8573833573833575, 0.7866150332638269, 0.8125849184782609, 0.7108285714285714, 0.7913893930227869, 0.7941956482430232, 0.7977413830014985, 0.7913279132791328, 0.7749986406394432, 0.8876315789473684, 0.7936117936117937, 0.7183426443202978, 0.8367257193114712, 0.7953100487160433, 0.8356353591160223, 0.7683126020856891, 0.7576830158997697, 0.7545355915857994, 0.8528922872340425, 0.7759964641594344, 0.7641877974287946, 0.8379540340726455, 0.773880488514103, 0.6913682581786029, 0.7508563971507802, 0.7772916666666666, 0.802553050397878, 0.8193879034603083, 0.7713820164937484, 0.6961989713918354, 0.819631865530303, 0.7936146482015057, 0.7836526651928273, 0.8573249113475176, 0.7942860587065277, 0.7741935483870968, 0.8390277777777778, 0.7647957839262187, 0.8544009666325867, 0.7728161031854602, 0.8127726083163711, 0.7119252873563219, 0.7801830522418758, 0.8581345125462773, 0.7382405953834525, 0.7646255223400835, 0.7434948026360486, 0.837864705005219, 0.8278130671506351, 0.7340480976844613, 0.8099265731015893, 0.7559975279510085, 0.7526401689708141, 0.8514473684210526, 0.7463241106719367, 0.8032424465733236, 0.8234728234728236, 0.7802601529143084, 0.7675098814229249, 0.7820833333333332, 0.7948285214875535, 0.813375037235627, 0.7907436478865051, 0.7931898238747555, 0.7780363475177305, 0.7912894481100711, 0.7919596562255842, 0.8082195628967919, 0.7215264187866927, 0.707815052142229, 0.8077420079779764, 0.8445991847826086, 0.7011857707509881, 0.7051330203442879, 0.7019614361702128, 0.7085294117647059, 0.7609493836873853, 0.7308845577211395, 0.82046823089701, 0.8303146530293345, 0.7775006650704974, 0.815018315018315, 0.7620098039215687, 0.7240704500978473, 0.755408930489489, 0.7638417119565217, 0.7322883308051014, 0.7558606294155428, 0.8452441148379123, 0.8221718590398366],