{"e_shd": [84.89600372314453, 82.91200256347656, 80.27400207519531, 76.43399810791016, 77.10399627685547, 71.2699966430664, 81.63200378417969, 80.2959976196289, 79.29199981689453, 77.96800231933594, 81.50800323486328, 82.48600006103516, 77.6760025024414, 78.10800170898438, 77.91999816894531, 78.25199890136719, 76.86399841308594, 75.8499984741211, 73.3479995727539, 81.06999969482422, 78.6760025024414, 81.09600067138672, 84.1259994506836, 76.5780029296875, 76.0979995727539, 75.94200134277344, 80.30999755859375, 76.39399719238281, 78.5199966430664, 75.85800170898438, 79.1259994506836, 83.0479965209961, 82.1500015258789, 83.97200012207031, 80.38600158691406, 81.84200286865234, 79.0459976196289, 72.37999725341797, 81.44599914550781, 76.18000030517578, 78.83599853515625, 79.39600372314453, 76.46399688720703, 76.99400329589844, 75.69599914550781, 77.84200286865234, 75.38200378417969, 77.96399688720703, 79.76599884033203, 82.06800079345703, 79.47599792480469, 81.74199676513672, 83.00199890136719, 74.46800231933594, 80.90599822998047, 76.85199737548828, 73.5479965209961, 79.10399627685547, 77.94400024414062, 76.89800262451172, 77.84400177001953, 81.93599700927734, 81.37799835205078, 76.05400085449219, 77.8740005493164, 75.96600341796875, 81.17400360107422, 87.94400024414062, 69.56600189208984, 75.21600341796875, 81.06999969482422, 77.2239990234375, 77.0719985961914, 80.31600189208984, 81.13999938964844, 74.32599639892578, 78.55000305175781, 83.23600006103516, 78.09400177001953, 78.51200103759766, 84.2239990234375, 79.30599975585938, 77.30400085449219, 80.65399932861328, 79.74400329589844, 82.0979995727539, 82.23799896240234, 81.9739990234375, 84.37999725341797, 76.34600067138672, 78.53600311279297, 72.64399719238281, 82.66400146484375, 80.1240005493164, 82.80599975585938, 78.26799774169922, 76.30000305175781, 79.27200317382812, 78.22599792480469, 75.10800170898438], "e_f1": [0.25967986242406277, 0.31073553482012023, 0.2648637716038205, 0.2572005044120192, 0.2941520826436719, 0.2859171401782163, 0.27631938408043727, 0.2841845783675454, 0.210965693194703, 0.28688124524381386, 0.22519078499720302, 0.31777711215887156, 0.2258505150946736, 0.2684399334996805, 0.2811141122559243, 0.23566229811237505, 0.29483045747551023, 0.32041176854832193, 0.28627008188351943, 0.25296294225038235, 0.23251977175181135, 0.27704083440284155, 0.23921666782028145, 0.25234372436046715, 0.23168210864386587, 0.2507651994942974, 0.2606248281975547, 0.2694321427642153, 0.2682503853408542, 0.2475894365654733, 0.30738440659708816, 0.2836935805304482, 0.2422244586892662, 0.2515650456800715, 0.26268369960941224, 0.23388936858058093, 0.22657287616847646, 0.269853381865346, 0.2823438019063918, 0.27743520569962127, 0.1979321563350673, 0.23916158104265414, 0.24617245464585535, 0.2848321203781494, 0.2680344350600004, 0.30474757670401276, 0.31124031450199985, 0.21175339094774556, 0.21785465077552202, 0.24381956467436516, 0.26295517550872444, 0.27441708987336483, 0.24383559098557708, 0.25684648370620355, 0.28158477268192456, 0.30223616760933114, 0.29698908510498345, 0.2810017550758871, 0.28978433363317146, 0.3357874304312908, 0.311277084581599, 0.2630615934551449, 0.22178792375333956, 0.2889536005354273, 0.23393382103870558, 0.26769486719368546, 0.2970488227000053, 0.2645921394573617, 0.22218132536287807, 0.2598355856926281, 0.19157685256701296, 0.27901295531304676, 0.27727983194514094, 0.2543757331809338, 0.2698466647512627, 0.289073794136629, 0.2986134514216416, 0.23172548443147617, 0.24435850110960813, 0.2426450970948402, 0.27167151762494657, 0.28102556043497506, 0.27607622889484357, 0.27912426387827177, 0.28991386400326496, 0.2398576396695899, 0.2267637185613267, 0.23604132000404537, 0.2663460292506716, 0.2865097543545766, 0.27444722219059237, 0.26194224201693156, 0.28251853452266745, 0.2663545071185812, 0.21615204836669152, 0.2466453283346095, 0.3025413170312664, 0.2941565573001254, 0.21372028188127387, 0.30755738404199373], "auc": [0.7181127450980391, 0.815343137254902, 0.746078431372549, 0.7591911764705882, 0.800563725490196, 0.8281127450980392, 0.7284803921568628, 0.798406862745098, 0.7477205882352942, 0.8136764705882352, 0.7193382352941177, 0.8034803921568627, 0.7407107843137255, 0.7764705882352941, 0.7718872549019608, 0.7708823529411765, 0.8385539215686275, 0.8545343137254902, 0.7810539215686275, 0.7926715686274508, 0.7480392156862745, 0.7273774509803921, 0.7340196078431372, 0.797328431372549, 0.792156862745098, 0.803357843137255, 0.7807843137254902, 0.8028676470588235, 0.7534558823529411, 0.7551960784313726, 0.8296568627450981, 0.7783578431372549, 0.6937254901960784, 0.7262254901960785, 0.6937254901960784, 0.7405637254901961, 0.7358333333333333, 0.840735294117647, 0.8114215686274511, 0.8289950980392157, 0.7282598039215686, 0.767107843137255, 0.8003921568627451, 0.8006127450980393, 0.7543382352941177, 0.8199264705882352, 0.8108088235294117, 0.7683333333333333, 0.6955882352941177, 0.7702205882352942, 0.7589950980392156, 0.7499019607843138, 0.7354411764705883, 0.7990686274509804, 0.7918872549019608, 0.8397303921568627, 0.7828186274509804, 0.8063725490196079, 0.7997058823529412, 0.8200735294117647, 0.8099754901960785, 0.7571323529411765, 0.7229901960784314, 0.8074019607843137, 0.8063235294117647, 0.8169362745098039, 0.7411029411764706, 0.7360049019607843, 0.8046078431372549, 0.8023529411764706, 0.685514705882353, 0.7957598039215686, 0.8170343137254902, 0.7712254901960784, 0.7842892156862745, 0.7673039215686275, 0.830906862745098, 0.7401960784313726, 0.7750980392156863, 0.7396568627450981, 0.7477450980392157, 0.7839460784313725, 0.7625735294117647, 0.7853921568627451, 0.7685294117647058, 0.7091176470588235, 0.730906862745098, 0.760220588235294, 0.7488725490196079, 0.7976715686274509, 0.7876715686274509, 0.7938970588235295, 0.7640686274509804, 0.7722058823529412, 0.7468137254901961, 0.7587745098039216, 0.7825, 0.787671568627451, 0.7583578431372549, 0.7964950980392156],