{"e_shd": [38.88600158691406, 35.04800033569336, 36.97200012207031, 42.54199981689453, 37.53799819946289, 45.10599899291992, 38.779998779296875, 35.20000076293945, 39.236000061035156, 39.90599822998047, 39.152000427246094, 41.34000015258789, 32.27000045776367, 40.694000244140625, 36.242000579833984, 39.07400131225586, 36.11800003051758, 39.874000549316406, 38.72999954223633, 40.400001525878906, 37.59000015258789, 42.35599899291992, 31.31599998474121, 41.805999755859375, 36.678001403808594, 38.07600021362305, 34.99800109863281, 38.43199920654297, 35.89799880981445, 48.7760009765625, 37.24399948120117, 35.375999450683594, 37.683998107910156, 40.236000061035156, 46.85599899291992, 41.257999420166016, 37.98400115966797, 34.20000076293945, 37.68000030517578, 39.981998443603516, 36.56399917602539, 37.422000885009766, 44.630001068115234, 36.268001556396484, 39.22200012207031, 47.512001037597656, 34.7760009765625, 38.757999420166016, 39.57600021362305, 34.5620002746582, 37.2140007019043, 40.71200180053711, 35.2140007019043, 40.91999816894531, 34.900001525878906, 39.641998291015625, 33.720001220703125, 38.39799880981445, 35.645999908447266, 36.422000885009766, 37.11399841308594, 36.20000076293945, 40.821998596191406, 45.40800094604492, 39.10599899291992, 38.9379997253418, 39.60200119018555, 38.0260009765625, 40.47600173950195, 34.683998107910156, 41.09199905395508, 43.40999984741211, 35.20600128173828, 34.25199890136719, 44.481998443603516, 38.150001525878906, 38.65999984741211, 36.263999938964844, 35.577999114990234, 35.439998626708984, 40.928001403808594, 44.236000061035156, 42.06399917602539, 39.99599838256836, 43.731998443603516, 35.24800109863281, 40.54600143432617, 36.41600036621094, 41.64400100708008, 37.970001220703125, 31.892000198364258, 41.58599853515625, 40.96200180053711, 44.67399978637695, 41.04800033569336, 37.981998443603516, 38.24800109863281, 44.88999938964844, 38.470001220703125, 47.2239990234375], "e_f1": [0.17800437612314912, 0.20616617265290396, 0.18712076964236787, 0.13710641247626668, 0.1711284845316335, 0.16182428168481408, 0.20967599888000038, 0.2785618418586221, 0.18485341313927683, 0.2243387866954112, 0.244392726124577, 0.14505927281200062, 0.2346848449807294, 0.1888441306229725, 0.1886147491151746, 0.222722771667178, 0.24380171712206772, 0.21502761326907033, 0.1992651100120704, 0.16557769046452706, 0.19451007877913623, 0.21621957315097984, 0.22734467350704168, 0.18415840886634288, 0.2114214504476548, 0.2271687331135375, 0.18258458915484282, 0.1642897725356686, 0.1964375314758999, 0.16505448257162061, 0.1836348252152063, 0.23686410355965598, 0.17447882701941608, 0.2165675820068901, 0.19310850410327227, 0.21629959627530115, 0.17660436260449905, 0.11643162095350756, 0.22460008658734837, 0.1043029857295715, 0.16085983916478566, 0.21294777616829597, 0.21829308783616677, 0.26369926813763217, 0.1984710296161955, 0.15112136076191604, 0.18207779213210434, 0.21687732988724, 0.25431323041983156, 0.31096598943424214, 0.18348868740168991, 0.1463464443170936, 0.22008214141766472, 0.17082699240256535, 0.14633635451843127, 0.12692558055329986, 0.15132921607604197, 0.22378929532057973, 0.19040673309533668, 0.21837511952572175, 0.21629263385035113, 0.18023633934031, 0.14056112264002021, 0.19805693224505966, 0.16719434132650945, 0.18211714071718962, 0.1681156645934216, 0.16242351621500847, 0.17311076729863764, 0.14991579687067913, 0.1983300940508751, 0.22598705038668995, 0.2028935941488604, 0.2313168650369336, 0.17854373830687228, 0.14548275624327633, 0.2064239525287005, 0.16204715381819387, 0.2422762493505327, 0.1313251559295195, 0.20434371380217192, 0.16796121028336983, 0.1662175798388556, 0.18555732258416874, 0.15517554806688097, 0.15398148633665448, 0.16267237689492461, 0.17889892992832424, 0.19035946278847213, 0.2055367318371779, 0.23748475722196474, 0.15904922968728297, 0.17112583363572856, 0.19599636078143462, 0.17585024615692332, 0.1761747397572313, 0.25954937738934386, 0.2031142589329243, 0.20316423885534443, 0.180240099645267], "auc": [0.7571710526315789, 0.7691447368421052, 0.8252631578947369, 0.7207894736842105, 0.8424342105263158, 0.7611184210526315, 0.7589473684210526, 0.8832236842105263, 0.84125, 0.8776315789473685, 0.8338157894736843, 0.7600657894736842, 0.8186184210526316, 0.738421052631579, 0.8382894736842106, 0.8005263157894738, 0.9027631578947368, 0.8281578947368421, 0.8515131578947368, 0.8735526315789474, 0.7803289473684211, 0.8324342105263157, 0.8669736842105263, 0.7098684210526316, 0.7355263157894738, 0.8230921052631578, 0.8107894736842106, 0.8548026315789473, 0.8367105263157895, 0.8119736842105263, 0.8022368421052631, 0.8399999999999999, 0.7923026315789473, 0.838421052631579, 0.8147368421052632, 0.8305921052631579, 0.7446710526315788, 0.8145394736842105, 0.87875, 0.7142763157894737, 0.7564473684210526, 0.8880921052631578, 0.8265789473684211, 0.882828947368421, 0.7671052631578947, 0.6892763157894737, 0.8396052631578949, 0.8706578947368422, 0.8665131578947368, 0.9306578947368421, 0.8731578947368421, 0.752828947368421, 0.870328947368421, 0.8111184210526315, 0.7476973684210526, 0.8139473684210526, 0.7563157894736843, 0.8703947368421052, 0.8240789473684211, 0.8098026315789474, 0.7938157894736841, 0.8035526315789473, 0.7488157894736842, 0.8089473684210526, 0.8123684210526316, 0.8314473684210526, 0.8363815789473684, 0.82125, 0.786578947368421, 0.8485526315789474, 0.7998026315789473, 0.851842105263158, 0.8844078947368421, 0.8646710526315791, 0.8015131578947369, 0.8116447368421051, 0.8448684210526316, 0.7517105263157895, 0.8565789473684211, 0.8405921052631579, 0.8408552631578947, 0.8133552631578947, 0.8455263157894738, 0.8078947368421053, 0.7605921052631579, 0.7717105263157895, 0.8155263157894738, 0.8904605263157894, 0.8461184210526316, 0.830921052631579, 0.8388157894736843, 0.7851315789473684, 0.8242105263157895, 0.8086184210526316, 0.8208552631578948, 0.7948026315789474, 0.8700000000000001, 0.8489473684210527, 0.870263157894737, 0.8032236842105263], "log_prob": [-67.74254608154297, -66.17745971679688, -63.34796905517578, -72.49725341796875, -62.63237380981445, -71.72288513183594, -77.71485900878906, -53.629783630371094, -62.22069549560547, -58.900657653808594, -61.11026382446289, -69.29927062988281, -60.78013610839844, -67.82530212402344, -61.7200927734375, -64.64434051513672, -56.37714767456055, -63.16010284423828, -62.037086486816406, -62.16162109375, -63.286949157714844, -64.4303970336914, -55.729244232177734, -70.83816528320312, -66.60467529296875, -61.388916015625, -73.62420654296875, -62.035308837890625, -60.87921142578125, -71.65672302246094, -63.964439392089844, -61.89320755004883, -65.31060791015625, -61.88264465332031, -69.76338195800781, -62.95751953125, -66.37576293945312, -65.84217834472656, -57.82949447631836, -75.74993133544922, -68.11990356445312, -57.6859130859375, -65.67263793945312, -55.5648193359375, -68.42850494384766, -79.06390380859375, -61.6790885925293, -59.63911056518555, -60.72258758544922, -51.043304443359375, -59.25630569458008, -69.47154235839844, -58.380271911621094, -65.44349670410156, -67.54823303222656, -66.6202163696289, -66.95012664794922, -60.28529357910156, -61.18211364746094, -61.61107635498047, -63.309425354003906, -66.07429504394531, -69.66963195800781, -67.90126037597656, -66.9142074584961, -62.72533416748047, -64.19999694824219, -65.11328887939453, -67.08501434326172, -62.482147216796875, -66.48329162597656, -63.44436264038086, -57.183509826660156, -58.57306671142578, -68.97296142578125, -65.45768737792969, -61.56873321533203, -67.14590454101562, -56.507301330566406, -63.79779052734375, -62.644649505615234, -67.19552612304688, -64.29891204833984, -64.80033874511719, -70.1275405883789, -67.50914001464844, -66.05924987792969, -58.51423645019531, -63.91222381591797, -62.87616729736328, -56.841854095458984, -67.06293487548828, -64.54481506347656, -67.43661499023438, -64.34001159667969, -66.1138916015625, -59.65950393676758, -65.0625, -59.46751403808594, -70.89216613769531]}