{"e_shd": [62.65800094604492, 59.18199920654297, 54.981998443603516, 64.28199768066406, 56.49599838256836, 64.4739990234375, 60.63399887084961, 52.25400161743164, 67.93399810791016, 62.99800109863281, 59.422000885009766, 60.00400161743164, 60.7760009765625, 67.07599639892578, 68.90399932861328, 60.715999603271484, 62.37200164794922, 56.21799850463867, 62.20199966430664, 55.13800048828125, 59.141998291015625, 59.571998596191406, 63.9119987487793, 60.189998626708984, 64.94400024414062, 62.327999114990234, 64.447998046875, 57.23400115966797, 58.0, 58.42399978637695, 60.04399871826172, 66.03800201416016, 57.31399917602539, 61.268001556396484, 61.84199905395508, 65.22799682617188, 58.007999420166016, 60.70199966430664, 56.25, 61.62799835205078, 53.3380012512207, 58.90599822998047, 60.84600067138672, 58.268001556396484, 61.3380012512207, 59.082000732421875, 66.2239990234375, 60.11000061035156, 61.41999816894531, 59.33399963378906, 60.040000915527344, 62.23400115966797, 59.63399887084961, 59.74800109863281, 63.066001892089844, 58.41600036621094, 67.51200103759766, 56.847999572753906, 56.59199905395508, 58.891998291015625, 60.801998138427734, 60.486000061035156, 62.41400146484375, 53.948001861572266, 66.54199981689453, 65.89399719238281, 57.650001525878906, 62.099998474121094, 57.263999938964844, 64.8479995727539, 63.09600067138672, 58.518001556396484, 64.3280029296875, 58.45600128173828, 61.70199966430664, 63.13399887084961, 62.678001403808594, 58.39400100708008, 54.47999954223633, 58.63399887084961, 59.400001525878906, 61.428001403808594, 61.784000396728516, 64.06400299072266, 67.13999938964844, 59.99800109863281, 55.513999938964844, 60.13800048828125, 60.321998596191406, 62.7859992980957, 59.310001373291016, 61.917999267578125, 61.63600158691406, 65.25, 54.54199981689453, 56.597999572753906, 62.79399871826172, 61.01599884033203, 59.73400115966797, 61.74800109863281], "e_f1": [0.2798950951365665, 0.23061090191271244, 0.17932065224537413, 0.20185124303070892, 0.17011277913085782, 0.1953763990969042, 0.23315296547190098, 0.22939978019984716, 0.2172310926027137, 0.18888030484991727, 0.14485860520618407, 0.18371048677727636, 0.23610428712898854, 0.2086805160790838, 0.1838038489468106, 0.19866353891161675, 0.26243664857510407, 0.27417958426831346, 0.212738356475545, 0.2573207306478114, 0.22106137057222153, 0.2928804344193932, 0.2686171960261635, 0.2059404599745286, 0.28673673525056087, 0.23042573964859542, 0.24404860861818173, 0.21113101317749142, 0.24599409177869397, 0.23153188747068992, 0.249098897677285, 0.17723461435965568, 0.24536269360168286, 0.24571852915493017, 0.30072692690791825, 0.19127505167991166, 0.22896278699763292, 0.16915584907573497, 0.2275159825685785, 0.25011730118318526, 0.24778205026569355, 0.2353360998225397, 0.2282583936799193, 0.22195486871923958, 0.25616012951568584, 0.23902573123293908, 0.24944654174395953, 0.23962362714282012, 0.239319287603839, 0.23930691358659767, 0.2817337083336824, 0.18848589219440992, 0.21486780699562252, 0.21676724412656295, 0.25700271800420604, 0.16975533312573288, 0.22305910323157943, 0.29033925149354456, 0.1800019926940714, 0.20419591552782937, 0.27999354293521267, 0.23961174081737038, 0.2883534871359809, 0.31031396722985594, 0.24896313948678447, 0.24798668747785269, 0.250119586265332, 0.2642969603497382, 0.22910109017053407, 0.1981594519206814, 0.2779859137016913, 0.28375099509386803, 0.1831322501892305, 0.2683644023863646, 0.2692574059605764, 0.26934588169965545, 0.3036771178239, 0.2369500626772272, 0.2751399960173799, 0.2062887105864372, 0.21768811122257165, 0.26552569091215217, 0.22538566158816656, 0.22890507275679695, 0.20295997412212716, 0.21706424678801914, 0.28213557913998194, 0.27152828967848863, 0.2875145550300234, 0.25985729468838775, 0.25862724840151835, 0.23836389123997598, 0.24948830337008165, 0.289960200037875, 0.23136945660270022, 0.17467646894358915, 0.23386638033513976, 0.19938601433070552, 0.22697975294138428, 0.26563241914845875], "auc": [0.8331944444444445, 0.7916319444444445, 0.7371875, 0.7285416666666666, 0.7358333333333333, 0.7108333333333333, 0.7919791666666666, 0.8429513888888889, 0.7578124999999999, 0.7292361111111111, 0.7457638888888889, 0.7120833333333334, 0.8093750000000001, 0.7510763888888888, 0.7595833333333333, 0.7197569444444444, 0.8368402777777777, 0.8544791666666667, 0.7984027777777778, 0.8115972222222222, 0.7967361111111111, 0.8419097222222223, 0.800625, 0.7598958333333333, 0.8106944444444445, 0.800625, 0.7572222222222222, 0.7758333333333334, 0.7912152777777778, 0.8265625, 0.8298263888888889, 0.7347222222222222, 0.7678472222222222, 0.7936458333333334, 0.8709027777777777, 0.7653472222222222, 0.78375, 0.6907291666666666, 0.7907291666666667, 0.7987152777777778, 0.8687847222222222, 0.8068749999999999, 0.779513888888889, 0.7768055555555555, 0.848125, 0.7940624999999999, 0.8146527777777779, 0.8130208333333334, 0.8588541666666667, 0.8135416666666666, 0.8132291666666667, 0.7465277777777778, 0.7717708333333333, 0.7734027777777779, 0.8326388888888889, 0.7392708333333333, 0.7493055555555556, 0.8086458333333334, 0.7980555555555556, 0.7289236111111111, 0.8133333333333334, 0.7847222222222222, 0.8148958333333334, 0.8640277777777777, 0.8075347222222222, 0.7704166666666666, 0.8300000000000001, 0.8135763888888888, 0.7877083333333333, 0.7301388888888889, 0.7916319444444444, 0.7942708333333334, 0.7487499999999999, 0.8356944444444445, 0.8129861111111111, 0.8001041666666667, 0.8552430555555556, 0.8092013888888888, 0.8755555555555556, 0.8145486111111111, 0.7534722222222222, 0.7952083333333333, 0.78125, 0.7445833333333333, 0.7301388888888889, 0.7811111111111111, 0.8165277777777779, 0.8703472222222222, 0.8520138888888888, 0.8357291666666667, 0.7425694444444444, 0.8110069444444444, 0.8026388888888889, 0.8714930555555556, 0.8278125000000001, 0.7360416666666667, 0.8016319444444444, 0.72375, 0.8342361111111112, 0.7822916666666666], "log_prob": [-99.49076843261719, -104.89274597167969, -113.42366027832031, -114.35179901123047, -127.59478759765625, -116.583251953125, -106.25470733642578, -99.59335327148438, -112.5770263671875, -118.77737426757812, -116.7024917602539, -119.15837097167969, -103.03851318359375, -111.75237274169922, -113.73426055908203, -115.16688537597656, -100.36275482177734, -95.60353088378906, -106.84293365478516, -103.36764526367188, -104.61468505859375, -96.80902862548828, -102.977783203125, -110.79127502441406, -102.67709350585938, -104.38534545898438, -113.24016571044922, -109.78871154785156, -106.71475219726562, -101.23036193847656, -100.55270385742188, -113.5078125, -108.96591186523438, -105.74447631835938, -93.3890380859375, -112.25731658935547, -109.46563720703125, -118.99645233154297, -107.4320297241211, -107.04463195800781, -95.58782958984375, -105.39305114746094, -107.59779357910156, -107.54396057128906, -99.41129302978516, -105.70501708984375, -104.33804321289062, -102.96025085449219, -98.8023681640625, -114.56312561035156, -114.85435485839844, -113.99939727783203, -108.67471313476562, -110.48367309570312, -100.89105224609375, -115.09088134765625, -112.5494613647461, -99.21292114257812, -109.51592254638672, -113.29056549072266, -100.36894989013672, -105.55669403076172, -103.15079498291016, -92.8818130493164, -103.93550872802734, -109.69563293457031, -99.48969268798828, -105.2002182006836, -106.20560455322266, -115.69583129882812, -101.91464233398438, -102.63984680175781, -113.71876525878906, -100.37865447998047, -104.70303344726562, -102.49028015136719, -95.40697479248047, -103.47894287109375, -92.87883758544922, -105.18753051757812, -111.23168182373047, -103.58744049072266, -113.90080261230469, -110.72921752929688, -116.3340072631836, -110.45048522949219, -100.0760726928711, -96.00489807128906, -97.55650329589844, -100.63735961914062, -113.65800476074219, -103.38378143310547, -104.54597473144531, -96.74176788330078, -103.42666625976562, -117.50201416015625, -106.84654998779297, -114.96538543701172, -100.42060852050781, -105.70301055908203]}