{
    "Expected SHD": {
        "CSIvA": {
            "mean": 102.00367980957031,
            "variance": 0.06382539193010085,
            "variance_of_mean": 0.0025530156772040342
        },
        "BayesDAG": {
            "mean": 62.6156,
            "variance": 3.254075333333333,
            "variance_of_mean": 0.13016301333333333
        },
        "DiBS": {
            "mean": 106.635,
            "variance": 38.88671630859372,
            "variance_of_mean": 1.5554686523437489
        },
        "BCNP": {
            "mean": 76.52415985107422,
            "variance": 20.931524583098362,
            "variance_of_mean": 0.8372609833239345
        },
        "BCNP (all graph densities)": {
            "mean": 74.18824005126953,
            "variance": 28.96594549761599,
            "variance_of_mean": 1.1586378199046397
        },
        "AVICI": {
            "mean": 80.9023193359375,
            "variance": 12.552904060212311,
            "variance_of_mean": 0.5021161624084924
        }
    },
    "Expected Edge F1": {
        "CSIvA": {
            "mean": 0.15013863399139304,
            "variance": 4.007972568118241e-06,
            "variance_of_mean": 1.6031890272472963e-07
        },
        "BayesDAG": {
            "mean": 0.03872746724501382,
            "variance": 0.0006886004391159524,
            "variance_of_mean": 2.7544017564638098e-05
        },
        "DiBS": {
            "mean": 0.11096534909911378,
            "variance": 0.00028955768307984883,
            "variance_of_mean": 1.1582307323193954e-05
        },
        "BCNP": {
            "mean": 0.3574643015208219,
            "variance": 0.001395120529363133,
            "variance_of_mean": 5.580482117452533e-05
        },
        "BCNP (all graph densities)": {
            "mean": 0.32822013022378504,
            "variance": 0.001166720455060745,
            "variance_of_mean": 4.66688182024298e-05
        },
        "AVICI": {
            "mean": 0.30908830114590324,
            "variance": 0.0007480852150836,
            "variance_of_mean": 2.9923408603344002e-05
        }
    },
    "AUC": {
        "CSIvA": {
            "mean": 0.49320294117647057,
            "variance": 0.0016938517597398445,
            "variance_of_mean": 6.775407038959379e-05
        },
        "BayesDAG": {
            "mean": 0.5132460784313726,
            "variance": 0.0020285666910963736,
            "variance_of_mean": 8.114266764385495e-05
        },
        "DiBS": {
            "mean": 0.4023960784313726,
            "variance": 0.0015945552431757021,
            "variance_of_mean": 6.378220972702808e-05
        },
        "BCNP": {
            "mean": 0.8496205882352942,
            "variance": 0.0011190747008362177,
            "variance_of_mean": 4.4762988033448706e-05
        },
        "BCNP (all graph densities)": {
            "mean": 0.8425107843137255,
            "variance": 0.0011673343826092539,
            "variance_of_mean": 4.669337530437016e-05
        },
        "AVICI": {
            "mean": 0.8276441176470588,
            "variance": 0.0012746287645777263,
            "variance_of_mean": 5.098515058310905e-05
        }
    },
    "Negative Log Probability": {
        "CSIvA": {
            "mean": -169.48629333496095,
            "variance": 0.8717132721507594,
            "variance_of_mean": 0.034868530886030376
        },
        "BayesDAG": {
            "mean": -1571.3660400390625,
            "variance": 48918.89353967458,
            "variance_of_mean": 1956.7557415869833
        },
        "DiBS": {
            "mean": -231.398974609375,
            "variance": 339.86451063764986,
            "variance_of_mean": 13.594580425505994
        },
        "BCNP": {
            "mean": -121.86596374511718,
            "variance": 130.8303906629541,
            "variance_of_mean": 5.233215626518164
        },
        "BCNP (all graph densities)": {
            "mean": -125.42241912841797,
            "variance": 118.05875849638312,
            "variance_of_mean": 4.722350339855325
        },
        "AVICI": {
            "mean": -126.31417175292968,
            "variance": 73.14852869175628,
            "variance_of_mean": 2.9259411476702515
        }
    }
}