{
    "Expected SHD": {
        "CSIvA": {
            "mean": 101.88656036376953,
            "variance": 0.06820293847840249,
            "variance_of_mean": 0.0027281175391360994
        },
        "BayesDAG": {
            "mean": 103.95407999999999,
            "variance": 0.21926249333333206,
            "variance_of_mean": 0.008770499733333282
        },
        "DiBS": {
            "mean": 65.72125,
            "variance": 0.6900162760416672,
            "variance_of_mean": 0.027600651041666688
        },
        "BCNP": {
            "mean": 70.4041801071167,
            "variance": 12.349893030106058,
            "variance_of_mean": 0.12349893030106057
        },
        "BCNP (ER20-60)": {
            "mean": 68.33513980865479,
            "variance": 12.65851647335259,
            "variance_of_mean": 0.1265851647335259
        },
        "AVICI": {
            "mean": 85.14567962646484,
            "variance": 8.72994550632875,
            "variance_of_mean": 0.34919782025315
        }
    },
    "Expected Edge F1": {
        "CSIvA": {
            "mean": 0.15046006817899948,
            "variance": 4.609553175240604e-06,
            "variance_of_mean": 1.8438212700962415e-07
        },
        "BayesDAG": {
            "mean": 0.18990292366820366,
            "variance": 1.2371691810373232e-05,
            "variance_of_mean": 4.948676724149293e-07
        },
        "DiBS": {
            "mean": 0.128982112084877,
            "variance": 0.00048246300053166237,
            "variance_of_mean": 1.9298520021266493e-05
        },
        "BCNP": {
            "mean": 0.4025717511144009,
            "variance": 0.0008868644730507434,
            "variance_of_mean": 8.868644730507435e-06
        },
        "BCNP (ER20-60)": {
            "mean": 0.37761293886624225,
            "variance": 0.000867357631315032,
            "variance_of_mean": 8.673576313150319e-06
        },
        "AVICI": {
            "mean": 0.2862315557470491,
            "variance": 0.0007015316901401564,
            "variance_of_mean": 2.8061267605606258e-05
        }
    },
    "AUC": {
        "CSIvA": {
            "mean": 0.5014607843137255,
            "variance": 0.0016703604082564383,
            "variance_of_mean": 6.681441633025753e-05
        },
        "BayesDAG": {
            "mean": 0.5837166666666667,
            "variance": 0.0014913479230744566,
            "variance_of_mean": 5.9653916922978266e-05
        },
        "DiBS": {
            "mean": 0.6354666666666666,
            "variance": 0.0009384779131423818,
            "variance_of_mean": 3.753911652569527e-05
        },
        "BCNP": {
            "mean": 0.8469139705882353,
            "variance": 0.0005877764585372172,
            "variance_of_mean": 5.877764585372172e-06
        },
        "BCNP (ER20-60)": {
            "mean": 0.8309573529411765,
            "variance": 0.0008814134693241522,
            "variance_of_mean": 8.814134693241523e-06
        },
        "AVICI": {
            "mean": 0.7902941176470588,
            "variance": 0.0011435632228790201,
            "variance_of_mean": 4.5742528915160804e-05
        }
    },
    "Negative Log Probability": {
        "CSIvA": {
            "mean": -169.3018664550781,
            "variance": 1.0386148795819188,
            "variance_of_mean": 0.04154459518327675
        },
        "BayesDAG": {
            "mean": -170.73453369140626,
            "variance": 1.658013955049686,
            "variance_of_mean": 0.06632055820198744
        },
        "DiBS": {
            "mean": -208.2157940673828,
            "variance": 82.48149720415473,
            "variance_of_mean": 3.299259888166189
        },
        "BCNP": {
            "mean": -121.09020378112793,
            "variance": 117.06132522426891,
            "variance_of_mean": 1.170613252242689
        },
        "BCNP (ER20-60)": {
            "mean": -133.35556213378905,
            "variance": 253.70692152842759,
            "variance_of_mean": 2.537069215284276
        },
        "AVICI": {
            "mean": -138.03891784667968,
            "variance": 46.1492488313256,
            "variance_of_mean": 1.845969953253024
        }
    }
}