{
    "Expected SHD": {
        "CSIvA": {
            "mean": 37.92671981811523,
            "variance": 0.004095645841492196,
            "variance_of_mean": 0.00016382583365968787
        },
        "BayesDAG": {
            "mean": 99.6916,
            "variance": 1.181670666666666,
            "variance_of_mean": 0.04726682666666664
        },
        "DiBS": {
            "mean": 26.32875,
            "variance": 0.7611588541666668,
            "variance_of_mean": 0.030446354166666675
        },
        "BCNP": {
            "mean": 37.30696014404297,
            "variance": 0.22615226009569592,
            "variance_of_mean": 0.009046090403827837
        },
        "BCNP (ER20-60)": {
            "mean": 41.22620025634765,
            "variance": 25.383371494615233,
            "variance_of_mean": 1.0153348597846092
        },
        "BCNP (All Data)": {
            "mean": 39.90099967956543,
            "variance": 13.088884529685771,
            "variance_of_mean": 0.5235553811874308
        },
        "AVICI": {
            "mean": 36.272959594726565,
            "variance": 0.9510280890493589,
            "variance_of_mean": 0.03804112356197435
        }
    },
    "Expected Edge F1": {
        "CSIvA": {
            "mean": 0.04899948455287095,
            "variance": 2.39006312134633e-06,
            "variance_of_mean": 9.56025248538532e-08
        },
        "BayesDAG": {
            "mean": 0.11084754290831791,
            "variance": 0.00021517133286551803,
            "variance_of_mean": 8.60685331462072e-06
        },
        "DiBS": {
            "mean": 0.1831298529542163,
            "variance": 0.001273261962610687,
            "variance_of_mean": 5.093047850442748e-05
        },
        "BCNP": {
            "mean": 0.0888497318965179,
            "variance": 0.0001511518756284223,
            "variance_of_mean": 6.046075025136892e-06
        },
        "BCNP (ER20-60)": {
            "mean": 0.09444994350636504,
            "variance": 5.653585624674822e-05,
            "variance_of_mean": 2.2614342498699288e-06
        },
        "BCNP (All Data)": {
            "mean": 0.09802792294132613,
            "variance": 0.00042076882484198163,
            "variance_of_mean": 1.6830752993679264e-05
        },
        "AVICI": {
            "mean": 0.08406980129910714,
            "variance": 0.0001059146276817921,
            "variance_of_mean": 4.236585107271684e-06
        }
    },
    "AUC": {
        "CSIvA": {
            "mean": 0.47788157894736844,
            "variance": 0.00247367807883195,
            "variance_of_mean": 9.894712315327801e-05
        },
        "BayesDAG": {
            "mean": 0.666921052631579,
            "variance": 0.007620955967220684,
            "variance_of_mean": 0.00030483823868882737
        },
        "DiBS": {
            "mean": 0.7982078947368422,
            "variance": 0.004238843302747001,
            "variance_of_mean": 0.00016955373210988004
        },
        "BCNP": {
            "mean": 0.7453894736842105,
            "variance": 0.00169697235687904,
            "variance_of_mean": 6.78788942751616e-05
        },
        "BCNP (ER20-60)": {
            "mean": 0.7435578947368421,
            "variance": 0.0016288333621883643,
            "variance_of_mean": 6.515333448753457e-05
        },
        "BCNP (All Data)": {
            "mean": 0.7423368421052632,
            "variance": 0.004956543643236381,
            "variance_of_mean": 0.00019826174572945522
        },
        "AVICI": {
            "mean": 0.7411342105263158,
            "variance": 0.0017853933229455225,
            "variance_of_mean": 7.14157329178209e-05
        }
    },
    "Negative Log Probability": {
        "CSIvA": {
            "mean": -80.19447570800781,
            "variance": 0.4233077244121011,
            "variance_of_mean": 0.016932308976484046
        },
        "BayesDAG": {
            "mean": -137.93450622558595,
            "variance": 173.53076668087547,
            "variance_of_mean": 6.941230667235019
        },
        "DiBS": {
            "mean": -63.31544036865235,
            "variance": 38.43632013011908,
            "variance_of_mean": 1.5374528052047631
        },
        "BCNP": {
            "mean": -72.2874624633789,
            "variance": 18.872281716319275,
            "variance_of_mean": 0.754891268652771
        },
        "BCNP (ER20-60)": {
            "mean": -73.28770538330077,
            "variance": 21.295933046986047,
            "variance_of_mean": 0.8518373218794418
        },
        "BCNP (All Data)": {
            "mean": -72.07372283935547,
            "variance": 30.84410624878846,
            "variance_of_mean": 1.2337642499515384
        },
        "AVICI": {
            "mean": -71.6677001953125,
            "variance": 10.203425299987433,
            "variance_of_mean": 0.4081370119994973
        }
    }
}