{
    "Expected SHD": {
        "CSIvA": {
            "mean": 38.355999603271485,
            "variance": 0.004638027680727329,
            "variance_of_mean": 0.00018552110722909316
        },
        "BayesDAG": {
            "mean": 21.94696,
            "variance": 3.479704039999998,
            "variance_of_mean": 0.13918816159999992
        },
        "DiBS": {
            "mean": 26.2775,
            "variance": 14.622910156250008,
            "variance_of_mean": 0.5849164062500003
        },
        "BCNP": {
            "mean": 21.52551986694336,
            "variance": 13.96361675178507,
            "variance_of_mean": 0.5585446700714027
        },
        "AVICI": {
            "mean": 26.605600051879883,
            "variance": 8.751926551514073,
            "variance_of_mean": 0.3500770620605629
        }
    },
    "Expected Edge F1": {
        "CSIvA": {
            "mean": 0.05057598863581991,
            "variance": 2.246382698033977e-06,
            "variance_of_mean": 8.985530792135908e-08
        },
        "BayesDAG": {
            "mean": 0.03996221758968629,
            "variance": 0.00426763625558058,
            "variance_of_mean": 0.0001707054502232232
        },
        "DiBS": {
            "mean": 0.16564906337790317,
            "variance": 0.0019468343563816477,
            "variance_of_mean": 7.78733742552659e-05
        },
        "BCNP": {
            "mean": 0.44420512337663665,
            "variance": 0.00859006637140927,
            "variance_of_mean": 0.0003436026548563708
        },
        "AVICI": {
            "mean": 0.3110625823463435,
            "variance": 0.005120869223532526,
            "variance_of_mean": 0.00020483476894130102
        }
    },
    "AUC": {
        "CSIvA": {
            "mean": 0.5065868421052632,
            "variance": 0.002566685177169897,
            "variance_of_mean": 0.00010266740708679588
        },
        "BayesDAG": {
            "mean": 0.5086052631578948,
            "variance": 0.003855897968605725,
            "variance_of_mean": 0.000154235918744229
        },
        "DiBS": {
            "mean": 0.7131236842105263,
            "variance": 0.0041273419898430275,
            "variance_of_mean": 0.0001650936795937211
        },
        "BCNP": {
            "mean": 0.8970236842105263,
            "variance": 0.0018295433258310259,
            "variance_of_mean": 7.318173303324103e-05
        },
        "AVICI": {
            "mean": 0.8896105263157895,
            "variance": 0.001662813769621423,
            "variance_of_mean": 6.651255078485692e-05
        }
    },
    "Negative Log Probability": {
        "CSIvA": {
            "mean": -79.78691040039062,
            "variance": 0.4357435879497414,
            "variance_of_mean": 0.017429743517989656
        },
        "BayesDAG": {
            "mean": -518.1159762573242,
            "variance": 13763.896565293704,
            "variance_of_mean": 550.5558626117481
        },
        "DiBS": {
            "mean": -72.05506057739258,
            "variance": 68.84400433401606,
            "variance_of_mean": 2.7537601733606425
        },
        "BCNP": {
            "mean": -52.10759422302246,
            "variance": 192.32220485458035,
            "variance_of_mean": 7.692888194183214
        },
        "AVICI": {
            "mean": -51.26540420532226,
            "variance": 54.243600156882586,
            "variance_of_mean": 2.1697440062753035
        }
    }
}