{
    "Expected SHD": {
        "CSIvA": {
            "mean": 102.00367980957031,
            "variance": 0.06382539193010085,
            "variance_of_mean": 0.0025530156772040342
        },
        "BayesDAG": {
            "mean": 62.6156,
            "variance": 3.254075333333333,
            "variance_of_mean": 0.13016301333333333
        },
        "DiBS": {
            "mean": 108.70875,
            "variance": 26.51902018229168,
            "variance_of_mean": 1.0607608072916672
        },
        "BCNP": {
            "mean": 76.52415985107422,
            "variance": 20.931524583098362,
            "variance_of_mean": 0.8372609833239345
        },
        "AVICI": {
            "mean": 80.9023193359375,
            "variance": 12.552904060212311,
            "variance_of_mean": 0.5021161624084924
        }
    },
    "Expected Edge F1": {
        "CSIvA": {
            "mean": 0.15013863399139304,
            "variance": 4.007972568118241e-06,
            "variance_of_mean": 1.6031890272472963e-07
        },
        "BayesDAG": {
            "mean": 0.03872746724501382,
            "variance": 0.0006886004391159524,
            "variance_of_mean": 2.7544017564638098e-05
        },
        "DiBS": {
            "mean": 0.10998084332160177,
            "variance": 0.00024388407639519842,
            "variance_of_mean": 9.755363055807937e-06
        },
        "BCNP": {
            "mean": 0.3574643015208219,
            "variance": 0.001395120529363133,
            "variance_of_mean": 5.580482117452533e-05
        },
        "AVICI": {
            "mean": 0.30908830114590324,
            "variance": 0.0007480852150836,
            "variance_of_mean": 2.9923408603344002e-05
        }
    },
    "AUC": {
        "CSIvA": {
            "mean": 0.49320294117647057,
            "variance": 0.0016938517597398445,
            "variance_of_mean": 6.775407038959379e-05
        },
        "BayesDAG": {
            "mean": 0.5132460784313726,
            "variance": 0.0020285666910963736,
            "variance_of_mean": 8.114266764385495e-05
        },
        "DiBS": {
            "mean": 0.39602941176470585,
            "variance": 0.0011368001990420351,
            "variance_of_mean": 4.5472007961681405e-05
        },
        "BCNP": {
            "mean": 0.8496205882352942,
            "variance": 0.0011190747008362177,
            "variance_of_mean": 4.4762988033448706e-05
        },
        "AVICI": {
            "mean": 0.8276441176470588,
            "variance": 0.0012746287645777263,
            "variance_of_mean": 5.098515058310905e-05
        }
    },
    "Negative Log Probability": {
        "CSIvA": {
            "mean": -169.48629333496095,
            "variance": 0.8717132721507594,
            "variance_of_mean": 0.034868530886030376
        },
        "BayesDAG": {
            "mean": -1571.3660400390625,
            "variance": 48918.89353967458,
            "variance_of_mean": 1956.7557415869833
        },
        "DiBS": {
            "mean": -239.04413330078125,
            "variance": 348.4638975811679,
            "variance_of_mean": 13.938555903246716
        },
        "BCNP": {
            "mean": -121.86596374511718,
            "variance": 130.8303906629541,
            "variance_of_mean": 5.233215626518164
        },
        "AVICI": {
            "mean": -126.31417175292968,
            "variance": 73.14852869175628,
            "variance_of_mean": 2.9259411476702515
        }
    }
}