{
    "Expected SHD": {
        "CSIvA": {
            "mean": 71.23831970214843,
            "variance": 0.02921974778524729,
            "variance_of_mean": 0.0011687899114098917
        },
        "BayesDAG": {
            "mean": 43.04584,
            "variance": 2.354719639999998,
            "variance_of_mean": 0.09418878559999992
        },
        "DiBS": {
            "mean": 72.4325,
            "variance": 107.78852783203122,
            "variance_of_mean": 4.3115411132812484
        },
        "BCNP": {
            "mean": 49.68103988647461,
            "variance": 7.968754547403319,
            "variance_of_mean": 0.31875018189613274
        },
        "BCNP (all graph densities)": {
            "mean": 51.174719696044924,
            "variance": 26.979447092760903,
            "variance_of_mean": 1.0791778837104362
        },
        "AVICI": {
            "mean": 56.216240234375,
            "variance": 5.863041448403142,
            "variance_of_mean": 0.23452165793612567
        }
    },
    "Expected Edge F1": {
        "CSIvA": {
            "mean": 0.09976815015113655,
            "variance": 4.4526352194822865e-06,
            "variance_of_mean": 1.7810540877929145e-07
        },
        "BayesDAG": {
            "mean": 0.026504935494371704,
            "variance": 0.00044967408674990436,
            "variance_of_mean": 1.7986963469996175e-05
        },
        "DiBS": {
            "mean": 0.11029016476792855,
            "variance": 0.0006408890162471848,
            "variance_of_mean": 2.563556064988739e-05
        },
        "BCNP": {
            "mean": 0.3657371990343919,
            "variance": 0.001430522960879091,
            "variance_of_mean": 5.722091843516364e-05
        },
        "BCNP (all graph densities)": {
            "mean": 0.35818444972861274,
            "variance": 0.002349099845366969,
            "variance_of_mean": 9.396399381467877e-05
        },
        "AVICI": {
            "mean": 0.2817251779724652,
            "variance": 0.0011791090223798653,
            "variance_of_mean": 4.716436089519461e-05
        }
    },
    "AUC": {
        "CSIvA": {
            "mean": 0.5118791666666667,
            "variance": 0.00204917949861754,
            "variance_of_mean": 8.19671799447016e-05
        },
        "BayesDAG": {
            "mean": 0.5138263888888889,
            "variance": 0.0027138709048675374,
            "variance_of_mean": 0.0001085548361947015
        },
        "DiBS": {
            "mean": 0.5294291666666667,
            "variance": 0.007914391645769037,
            "variance_of_mean": 0.0003165756658307615
        },
        "BCNP": {
            "mean": 0.8871625000000001,
            "variance": 0.00059915078446502,
            "variance_of_mean": 2.39660313786008e-05
        },
        "BCNP (all graph densities)": {
            "mean": 0.882625,
            "variance": 0.0009340422453703706,
            "variance_of_mean": 3.7361689814814824e-05
        },
        "AVICI": {
            "mean": 0.8595722222222222,
            "variance": 0.0009573245924961417,
            "variance_of_mean": 3.8292983699845666e-05
        }
    },
    "Negative Log Probability": {
        "CSIvA": {
            "mean": -130.1571258544922,
            "variance": 0.9514366672180209,
            "variance_of_mean": 0.038057466688720835
        },
        "BayesDAG": {
            "mean": -1037.5637756347655,
            "variance": 40025.62002041052,
            "variance_of_mean": 1601.0248008164208
        },
        "DiBS": {
            "mean": -160.70900390625,
            "variance": 425.43687856198363,
            "variance_of_mean": 17.017475142479345
        },
        "BCNP": {
            "mean": -89.37738403320313,
            "variance": 143.0948192257207,
            "variance_of_mean": 5.723792769028828
        },
        "BCNP (all graph densities)": {
            "mean": -90.63133422851563,
            "variance": 139.3661515836055,
            "variance_of_mean": 5.57464606334422
        },
        "AVICI": {
            "mean": -94.1154653930664,
            "variance": 82.9845926799245,
            "variance_of_mean": 3.3193837071969803
        }
    }
}