{
    "Expected SHD": {
        "CSIvA": {
            "mean": 38.00967987060547,
            "variance": 0.005669602242803166,
            "variance_of_mean": 0.00022678408971212662
        },
        "BCNP": {
            "mean": 37.455439453125,
            "variance": 0.8900912879307971,
            "variance_of_mean": 0.03560365151723188
        },
        "AVICI": {
            "mean": 33.955599822998046,
            "variance": 2.179563770702804,
            "variance_of_mean": 0.08718255082811216
        }
    },
    "Expected Edge F1": {
        "CSIvA": {
            "mean": 0.05045570829665311,
            "variance": 3.589664357930517e-06,
            "variance_of_mean": 1.4358657431722068e-07
        },
        "BCNP": {
            "mean": 0.07520447405175024,
            "variance": 0.00010417484477383135,
            "variance_of_mean": 4.166993790953254e-06
        },
        "AVICI": {
            "mean": 0.11427809413413438,
            "variance": 0.0005400801026175917,
            "variance_of_mean": 2.1603204104703668e-05
        }
    },
    "AUC": {
        "CSIvA": {
            "mean": 0.507321052631579,
            "variance": 0.0030822438827331467,
            "variance_of_mean": 0.00012328975530932586
        },
        "BCNP": {
            "mean": 0.7031236842105263,
            "variance": 0.0035133299861495847,
            "variance_of_mean": 0.0001405331994459834
        },
        "AVICI": {
            "mean": 0.7793157894736842,
            "variance": 0.0033983433604570634,
            "variance_of_mean": 0.00013593373441828254
        }
    },
    "Negative Log Probability": {
        "CSIvA": {
            "mean": -79.81595855712891,
            "variance": 1.1322748901667838,
            "variance_of_mean": 0.04529099560667135
        },
        "BCNP": {
            "mean": -73.86301116943359,
            "variance": 10.57423473260132,
            "variance_of_mean": 0.4229693893040528
        },
        "AVICI": {
            "mean": -68.96974914550782,
            "variance": 31.885619491811568,
            "variance_of_mean": 1.2754247796724627
        }
    }
}