{
    "Expected SHD": {
        "CSIvA": {
            "mean": 37.92671981811523,
            "variance": 0.004095645841492196,
            "variance_of_mean": 0.00016382583365968787
        },
        "BCNP": {
            "mean": 35.38048034667969,
            "variance": 0.20289625308806236,
            "variance_of_mean": 0.008115850123522495
        },
        "AVICI": {
            "mean": 36.26248016357422,
            "variance": 1.7245464743658265,
            "variance_of_mean": 0.06898185897463306
        }
    },
    "Expected Edge F1": {
        "CSIvA": {
            "mean": 0.04899948455287095,
            "variance": 2.39006312134633e-06,
            "variance_of_mean": 9.56025248538532e-08
        },
        "BCNP": {
            "mean": 0.08161947156716184,
            "variance": 0.0001259550573763741,
            "variance_of_mean": 5.038202295054964e-06
        },
        "AVICI": {
            "mean": 0.0818336237669615,
            "variance": 0.0001160400797758933,
            "variance_of_mean": 4.641603191035732e-06
        }
    },
    "AUC": {
        "CSIvA": {
            "mean": 0.47788157894736844,
            "variance": 0.00247367807883195,
            "variance_of_mean": 9.894712315327801e-05
        },
        "BCNP": {
            "mean": 0.7364236842105264,
            "variance": 0.0018480839825715586,
            "variance_of_mean": 7.392335930286234e-05
        },
        "AVICI": {
            "mean": 0.7359605263157895,
            "variance": 0.00248825672322253,
            "variance_of_mean": 9.953026892890119e-05
        }
    },
    "Negative Log Probability": {
        "CSIvA": {
            "mean": -80.19447570800781,
            "variance": 0.4233077244121011,
            "variance_of_mean": 0.016932308976484046
        },
        "BCNP": {
            "mean": -72.85388366699219,
            "variance": 28.091343973973224,
            "variance_of_mean": 1.123653758958929
        },
        "AVICI": {
            "mean": -72.94184631347656,
            "variance": 18.674968400808666,
            "variance_of_mean": 0.7469987360323467
        }
    }
}