{"SHD": 111.21875, "F1": 0.1298263545717309, "log_prob_1e_8": -570.914306640625, "log_prob_1e_7": -515.65234375, "log_prob_1e_6": -460.3905029296875, "log_prob_1e_5": -405.13055419921875, "log_prob_1e_4": -349.8896789550781, "log_prob_1e_3": -294.84002685546875, "log_prob_1e_2": -241.7899627685547, "log_prob_1e_1": -215.6978759765625, "AUC": 0.43394607843137256}