{"SHD": 110.34375, "F1": 0.10381524146794976, "log_prob_1e_8": -457.7872009277344, "log_prob_1e_7": -420.94580078125, "log_prob_1e_6": -384.1044006347656, "log_prob_1e_5": -347.26214599609375, "log_prob_1e_4": -310.41204833984375, "log_prob_1e_3": -273.4879455566406, "log_prob_1e_2": -236.22756958007812, "log_prob_1e_1": -214.3108367919922, "AUC": 0.39107843137254905}