{"SHD": 109.75, "F1": 0.10123090806307597, "log_prob_1e_8": -567.879638671875, "log_prob_1e_7": -514.920166015625, "log_prob_1e_6": -461.96075439453125, "log_prob_1e_5": -409.00128173828125, "log_prob_1e_4": -356.0420227050781, "log_prob_1e_3": -303.0887451171875, "log_prob_1e_2": -250.54989624023438, "log_prob_1e_1": -218.22315979003906, "AUC": 0.39142156862745103}