{"SHD": 106.21875, "F1": 0.08959485733387124, "log_prob_1e_8": -749.9053955078125, "log_prob_1e_7": -669.31494140625, "log_prob_1e_6": -588.7246704101562, "log_prob_1e_5": -508.1361999511719, "log_prob_1e_4": -427.5663146972656, "log_prob_1e_3": -347.182861328125, "log_prob_1e_2": -268.79644775390625, "log_prob_1e_1": -217.879150390625, "AUC": 0.3846813725490197}