{"SHD": 112.46875, "F1": 0.0816863590112907, "log_prob_1e_8": -714.6340942382812, "log_prob_1e_7": -640.951416015625, "log_prob_1e_6": -567.2688598632812, "log_prob_1e_5": -493.5874328613281, "log_prob_1e_4": -419.9183044433594, "log_prob_1e_3": -346.3740539550781, "log_prob_1e_2": -274.30120849609375, "log_prob_1e_1": -228.02841186523438, "AUC": 0.35911764705882354}