{"SHD": 103.15625, "F1": 0.1013667380432392, "log_prob_1e_8": -435.8300476074219, "log_prob_1e_7": -401.2912292480469, "log_prob_1e_6": -366.7523193359375, "log_prob_1e_5": -332.2120361328125, "log_prob_1e_4": -297.6581115722656, "log_prob_1e_3": -262.9730529785156, "log_prob_1e_2": -227.41510009765625, "log_prob_1e_1": -203.48385620117188, "AUC": 0.38421568627450986}