{"SHD": 101.875, "F1": 0.10217477515871684, "log_prob_1e_8": -494.874267578125, "log_prob_1e_7": -451.1251220703125, "log_prob_1e_6": -407.37591552734375, "log_prob_1e_5": -363.6259765625, "log_prob_1e_4": -319.86865234375, "log_prob_1e_3": -276.04193115234375, "log_prob_1e_2": -231.91061401367188, "log_prob_1e_1": -202.51414489746094, "AUC": 0.39129901960784313}