{"SHD": 104.0625, "F1": 0.09479722969889179, "log_prob_1e_8": -683.7503662109375, "log_prob_1e_7": -612.3702392578125, "log_prob_1e_6": -540.9902954101562, "log_prob_1e_5": -469.6118469238281, "log_prob_1e_4": -398.24896240234375, "log_prob_1e_3": -327.04254150390625, "log_prob_1e_2": -257.51788330078125, "log_prob_1e_1": -212.71726989746094, "AUC": 0.3905882352941177}