{"SHD": 112.375, "F1": 0.11573730795078371, "log_prob_1e_8": -500.866455078125, "log_prob_1e_7": -457.1173095703125, "log_prob_1e_6": -413.36822509765625, "log_prob_1e_5": -369.61932373046875, "log_prob_1e_4": -325.87225341796875, "log_prob_1e_3": -282.147216796875, "log_prob_1e_2": -238.95571899414062, "log_prob_1e_1": -215.784423828125, "AUC": 0.3957598039215686}