{"SHD": 109.21875, "F1": 0.1288901754060458, "log_prob_1e_8": -369.4783630371094, "log_prob_1e_7": -344.14990234375, "log_prob_1e_6": -318.8214111328125, "log_prob_1e_5": -293.491943359375, "log_prob_1e_4": -268.1536865234375, "log_prob_1e_3": -242.73178100585938, "log_prob_1e_2": -216.8831787109375, "log_prob_1e_1": -205.36439514160156, "AUC": 0.42132352941176465}