{"SHD": 105.71875, "F1": 0.10529942669327476, "log_prob_1e_8": -685.1908569335938, "log_prob_1e_7": -613.810791015625, "log_prob_1e_6": -542.4307861328125, "log_prob_1e_5": -471.05206298828125, "log_prob_1e_4": -399.68658447265625, "log_prob_1e_3": -328.45526123046875, "log_prob_1e_2": -258.7748718261719, "log_prob_1e_1": -214.83309936523438, "AUC": 0.40625}