{"SHD": 112.5625, "F1": 0.11422216476348626, "log_prob_1e_8": -410.59326171875, "log_prob_1e_7": -380.65960693359375, "log_prob_1e_6": -350.72589111328125, "log_prob_1e_5": -320.79095458984375, "log_prob_1e_4": -290.8440856933594, "log_prob_1e_3": -260.78375244140625, "log_prob_1e_2": -230.06602478027344, "log_prob_1e_1": -213.64071655273438, "AUC": 0.3787745098039216}