{"SHD": 96.5, "F1": 0.11013833648119396, "log_prob_1e_8": -611.4588623046875, "log_prob_1e_7": -549.2890625, "log_prob_1e_6": -487.1193542480469, "log_prob_1e_5": -424.95025634765625, "log_prob_1e_4": -362.7875671386719, "log_prob_1e_3": -300.69158935546875, "log_prob_1e_2": -239.5004425048828, "log_prob_1e_1": -199.05303955078125, "AUC": 0.4452205882352942}