{"SHD": 112.75, "F1": 0.09285263932043789, "log_prob_1e_8": -605.3696899414062, "log_prob_1e_7": -547.8050537109375, "log_prob_1e_6": -490.240478515625, "log_prob_1e_5": -432.6758728027344, "log_prob_1e_4": -375.11175537109375, "log_prob_1e_3": -317.55645751953125, "log_prob_1e_2": -260.4478759765625, "log_prob_1e_1": -224.07777404785156, "AUC": 0.3517892156862745}