{"SHD": 115.46875, "F1": 0.10042388459914729, "log_prob_1e_8": -527.510498046875, "log_prob_1e_7": -481.45880126953125, "log_prob_1e_6": -435.4070739746094, "log_prob_1e_5": -389.3551025390625, "log_prob_1e_4": -343.30059814453125, "log_prob_1e_3": -297.2255859375, "log_prob_1e_2": -251.32388305664062, "log_prob_1e_1": -224.60328674316406, "AUC": 0.35394607843137255}