{"SHD": 108.875, "F1": 0.11385247356384084, "log_prob_1e_8": -439.2545166015625, "log_prob_1e_7": -404.7157287597656, "log_prob_1e_6": -370.17681884765625, "log_prob_1e_5": -335.6368408203125, "log_prob_1e_4": -301.0860595703125, "log_prob_1e_3": -266.4327392578125, "log_prob_1e_2": -231.21217346191406, "log_prob_1e_1": -210.58084106445312, "AUC": 0.40585784313725487}