{"SHD": 112.15625, "F1": 0.0918594215395958, "log_prob_1e_8": -539.2554321289062, "log_prob_1e_7": -490.901123046875, "log_prob_1e_6": -442.5468444824219, "log_prob_1e_5": -394.192138671875, "log_prob_1e_4": -345.83416748046875, "log_prob_1e_3": -297.447021484375, "log_prob_1e_2": -249.13092041015625, "log_prob_1e_1": -218.48594665527344, "AUC": 0.3390196078431372}