{"SHD": 115.0, "F1": 0.11895168781894351, "log_prob_1e_8": -533.1680908203125, "log_prob_1e_7": -484.81378173828125, "log_prob_1e_6": -436.4595947265625, "log_prob_1e_5": -388.10614013671875, "log_prob_1e_4": -339.76031494140625, "log_prob_1e_3": -291.49285888671875, "log_prob_1e_2": -244.24740600585938, "log_prob_1e_1": -219.3002471923828, "AUC": 0.3713235294117647}