{"SHD": 116.125, "F1": 0.10633814347028214, "log_prob_1e_8": -417.50927734375, "log_prob_1e_7": -387.5756530761719, "log_prob_1e_6": -357.64190673828125, "log_prob_1e_5": -327.7069091796875, "log_prob_1e_4": -297.75946044921875, "log_prob_1e_3": -267.6932373046875, "log_prob_1e_2": -236.91444396972656, "log_prob_1e_1": -220.32415771484375, "AUC": 0.34644607843137254}