{"SHD": 109.25, "F1": 0.14493296254806967, "log_prob_1e_8": -334.55755615234375, "log_prob_1e_7": -313.83428955078125, "log_prob_1e_6": -293.1109619140625, "log_prob_1e_5": -272.3868713378906, "log_prob_1e_4": -251.6553955078125, "log_prob_1e_3": -230.85452270507812, "log_prob_1e_2": -209.74618530273438, "log_prob_1e_1": -203.50778198242188, "AUC": 0.460686274509804}