{"SHD": 99.6875, "F1": 0.12383732214780671, "log_prob_1e_8": -519.1658935546875, "log_prob_1e_7": -470.8116455078125, "log_prob_1e_6": -422.45733642578125, "log_prob_1e_5": -374.10296630859375, "log_prob_1e_4": -325.74774169921875, "log_prob_1e_3": -277.38800048828125, "log_prob_1e_2": -229.31149291992188, "log_prob_1e_1": -199.20468139648438, "AUC": 0.4545588235294118}