{"SHD": 113.96875, "F1": 0.12571821045463158, "log_prob_1e_8": -269.1536865234375, "log_prob_1e_7": -259.9433288574219, "log_prob_1e_6": -250.73275756835938, "log_prob_1e_5": -241.5198211669922, "log_prob_1e_4": -232.2838897705078, "log_prob_1e_3": -222.82443237304688, "log_prob_1e_2": -211.71873474121094, "log_prob_1e_1": -209.58053588867188, "AUC": 0.3814215686274509}