{"SHD": 110.4375, "F1": 0.1326453407581546, "log_prob_1e_8": -291.9186706542969, "log_prob_1e_7": -278.1031494140625, "log_prob_1e_6": -264.2874755859375, "log_prob_1e_5": -250.47039794921875, "log_prob_1e_4": -236.63925170898438, "log_prob_1e_3": -222.67257690429688, "log_prob_1e_2": -207.79751586914062, "log_prob_1e_1": -204.40866088867188, "AUC": 0.41411764705882353}