{"SHD": 104.4375, "F1": 0.0967167015963005, "log_prob_1e_8": -712.412353515625, "log_prob_1e_7": -636.427001953125, "log_prob_1e_6": -560.4420166015625, "log_prob_1e_5": -484.458984375, "log_prob_1e_4": -408.49737548828125, "log_prob_1e_3": -332.74969482421875, "log_prob_1e_2": -259.2059326171875, "log_prob_1e_1": -213.11228942871094, "AUC": 0.40387254901960784}