{"SHD": 104.09375, "F1": 0.12261242057928287, "log_prob_1e_8": -351.6007080078125, "log_prob_1e_7": -328.5748291015625, "log_prob_1e_6": -305.548828125, "log_prob_1e_5": -282.52154541015625, "log_prob_1e_4": -259.48162841796875, "log_prob_1e_3": -236.31964111328125, "log_prob_1e_2": -212.35784912109375, "log_prob_1e_1": -200.06002807617188, "AUC": 0.4440196078431372}