{"e_shd": [24.70599937438965, 29.106000900268555, 35.145999908447266, 27.672000885009766, 30.95400047302246, 23.82200050354004, 27.757999420166016, 26.510000228881836, 27.224000930786133, 31.583999633789062, 28.950000762939453, 32.05400085449219, 28.420000076293945, 24.788000106811523, 28.761999130249023, 24.447999954223633, 30.770000457763672, 22.513999938964844, 23.332000732421875, 23.04400062561035, 25.124000549316406, 27.125999450683594, 26.67799949645996, 25.857999801635742, 27.804000854492188], "e_f1": [0.34804025299435226, 0.2467732300947048, 0.13362380077905026, 0.3216955018361066, 0.21008477888022137, 0.34941199437499565, 0.27635761663864195, 0.3691252138435008, 0.28967758970996155, 0.17853690708495576, 0.2804678746148992, 0.2095272418929722, 0.2761112572506954, 0.34727285402768077, 0.28187758973907423, 0.36751157176866933, 0.23431819056711362, 0.41919028189989455, 0.4104994171657402, 0.3826803721513772, 0.38500040043591494, 0.30885063754545056, 0.33791555207697926, 0.32799762423905787, 0.30412499323739267], "auc": [0.8580921052631579, 0.8533552631578948, 0.8401973684210526, 0.8946710526315789, 0.8584868421052632, 0.91, 0.8861184210526316, 0.9238815789473684, 0.8367105263157895, 0.792828947368421, 0.858421052631579, 0.9113157894736842, 0.8599342105263157, 0.8819736842105264, 0.8067105263157894, 0.9298684210526316, 0.8757894736842106, 0.9427631578947369, 0.9080263157894737, 0.9550657894736843, 0.885921052631579, 0.8648684210526316, 0.8578947368421053, 0.9018421052631579, 0.8334868421052631], "log_prob": [-50.271183013916016, -56.0639762878418, -62.92184829711914, -54.37432861328125, -59.78886413574219, -45.980106353759766, -53.020965576171875, -44.78153991699219, -56.77832794189453, -64.6614990234375, -53.52012634277344, -53.51294708251953, -54.977073669433594, -59.851524353027344, -59.41873550415039, -43.88019561767578, -56.94340133666992, -41.588844299316406, -45.028160095214844, -39.21369171142578, -46.09393310546875, -53.270118713378906, -51.809226989746094, -48.47151184082031, -56.44116973876953]}