{"e_shd": [75.5, 76.38200378417969, 66.0979995727539, 69.69200134277344, 75.11000061035156, 69.0739974975586, 71.4260025024414, 69.11199951171875, 76.46399688720703, 66.4260025024414, 70.55599975585938, 68.08599853515625, 69.39600372314453, 70.37200164794922, 67.41000366210938, 70.13600158691406, 69.4739990234375, 69.3219985961914, 69.39199829101562, 65.9520034790039, 74.58200073242188, 69.76399993896484, 67.4540023803711, 71.0, 75.44999694824219], "e_f1": [0.09032316761808225, 0.10333520456297453, 0.14175648590766576, 0.20381645616571184, 0.10521701957917891, 0.15874900431547462, 0.12884331534937146, 0.1365715334709166, 0.15377610547207493, 0.14039750701022813, 0.10955244034014144, 0.12455371943311866, 0.12414947529782178, 0.11088813291299358, 0.1088241922706371, 0.11642307472863493, 0.14594373540853958, 0.10472819407018182, 0.16562905757987273, 0.19103319416314116, 0.14819495186424078, 0.13049748981702267, 0.1500857336311562, 0.13922951715489595, 0.10913200249064267], "auc": [0.5360294117647059, 0.5099754901960785, 0.6818382352941177, 0.7738725490196079, 0.6312990196078432, 0.704828431372549, 0.6673284313725489, 0.6004901960784313, 0.7010539215686274, 0.7487745098039216, 0.6332107843137256, 0.6421323529411767, 0.6625, 0.6571323529411764, 0.6736029411764706, 0.6245833333333333, 0.7021323529411765, 0.5891176470588235, 0.7270098039215687, 0.7875490196078431, 0.6953186274509804, 0.5716911764705882, 0.6822058823529411, 0.678357843137255, 0.5942647058823529], "log_prob": [-208.0917510986328, -199.79486083984375, -263.0424499511719, -159.30775451660156, -183.0460205078125, -202.99252319335938, -192.7019805908203, -243.35716247558594, -160.58509826660156, -188.26861572265625, -200.92752075195312, -255.6957244873047, -226.40057373046875, -193.92239379882812, -219.95143127441406, -201.88076782226562, -217.61375427246094, -280.25604248046875, -213.0772705078125, -166.89395141601562, -172.50942993164062, -270.18231201171875, -217.19610595703125, -181.12078857421875, -195.8489532470703]}