{"e_shd": [49.66999816894531, 46.944000244140625, 50.055999755859375, 50.737998962402344, 54.768001556396484, 46.917999267578125, 51.39799880981445, 45.481998443603516, 45.608001708984375, 48.810001373291016, 48.066001892089844, 48.41600036621094, 48.34600067138672, 49.108001708984375, 50.358001708984375, 50.29199981689453, 52.481998443603516, 55.42399978637695, 50.99800109863281, 46.39799880981445, 50.87799835205078, 52.55799865722656, 47.85200119018555, 52.1619987487793, 49.9379997253418], "e_f1": [0.16106684933766094, 0.18418984232493343, 0.14297425636382052, 0.173503892220632, 0.12107350976890537, 0.1645764683043471, 0.15942913321945365, 0.22186665312236506, 0.21009486297260657, 0.17468278514429547, 0.19887694396498837, 0.1814354980097065, 0.17119518695290428, 0.21609554614983018, 0.16236993888404777, 0.1680975241444097, 0.1838259469773306, 0.1229641224152386, 0.1565665699916612, 0.22010298333650913, 0.12339822903908615, 0.1718600312036503, 0.22926715664816905, 0.14821853665414328, 0.15861892137591552], "auc": [0.7427777777777778, 0.8103125, 0.7509375, 0.7094097222222222, 0.6968055555555555, 0.7816666666666666, 0.7937152777777777, 0.8356250000000001, 0.7903819444444444, 0.7473263888888889, 0.7759722222222222, 0.7914583333333334, 0.716875, 0.8034374999999999, 0.7720486111111111, 0.6946527777777778, 0.7233680555555555, 0.6474305555555555, 0.7590625, 0.8318402777777778, 0.7238541666666667, 0.7486111111111111, 0.8273958333333333, 0.7467708333333333, 0.7309375], "log_prob": [-129.002197265625, -129.64927673339844, -127.3165054321289, -155.19070434570312, -131.4267578125, -122.60411834716797, -116.81524658203125, -110.90840911865234, -119.41293334960938, -132.9529571533203, -122.9752197265625, -119.03599548339844, -143.919921875, -115.5304946899414, -118.13388061523438, -145.11288452148438, -128.38229370117188, -128.09506225585938, -118.91561889648438, -122.02323913574219, -138.66244506835938, -133.3577880859375, -112.53726196289062, -123.00814056396484, -124.4002685546875]}