{"e_shd": [45.310001373291016, 45.89400100708008, 50.29600143432617, 51.85200119018555, 50.8380012512207, 50.43199920654297, 47.80400085449219, 47.24599838256836, 47.90800094604492, 50.5, 50.64400100708008, 50.332000732421875, 47.20600128173828, 48.91600036621094, 49.902000427246094, 48.91600036621094, 49.8120002746582, 42.47200012207031, 48.70000076293945, 46.7760009765625, 46.20000076293945, 46.17399978637695, 47.40599822998047, 48.555999755859375, 43.9640007019043, 46.72600173950195, 50.641998291015625, 47.305999755859375, 48.58599853515625, 47.428001403808594, 45.88600158691406, 51.36000061035156, 45.81800079345703, 48.29399871826172, 45.84000015258789, 49.513999938964844, 48.73400115966797, 48.948001861572266, 46.97600173950195, 46.5099983215332, 46.9900016784668, 48.672000885009766, 47.83599853515625, 47.321998596191406, 48.959999084472656, 50.0359992980957, 47.89400100708008, 45.72200012207031, 47.402000427246094, 47.68600082397461, 47.49599838256836, 51.7400016784668, 48.42599868774414, 48.5, 48.54800033569336, 50.59199905395508, 49.30400085449219, 43.95399856567383, 48.11000061035156, 45.68199920654297, 47.349998474121094, 46.44200134277344, 49.54600143432617, 44.108001708984375, 45.84000015258789, 48.95000076293945, 47.279998779296875, 47.7599983215332, 47.402000427246094, 50.19200134277344, 48.183998107910156, 45.33399963378906, 50.0359992980957, 47.06999969482422, 49.0099983215332, 45.290000915527344, 46.7859992980957, 47.49599838256836, 48.055999755859375, 50.215999603271484, 47.60200119018555, 48.64400100708008, 51.53799819946289, 47.08599853515625, 53.433998107910156, 49.03200149536133, 43.90399932861328, 49.034000396728516, 47.65599822998047, 45.37799835205078, 46.27000045776367, 50.16600036621094, 48.763999938964844, 48.391998291015625, 45.94599914550781, 50.172000885009766, 47.41600036621094, 48.619998931884766, 50.29399871826172, 47.20199966430664], "e_f1": [0.29036863183845313, 0.22536509496179255, 0.21834983221688592, 0.19755149332888436, 0.14992515937688553, 0.2132934668240137, 0.27950253054765367, 0.2273450198323933, 0.23588124835230748, 0.21561485243558617, 0.1582824806128103, 0.18845204997674928, 0.22495445092241986, 0.20502936341717917, 0.18973813127687586, 0.21518103670369476, 0.24676505070479932, 0.2920367581949873, 0.2177466687895282, 0.2652605848029541, 0.22579684136996053, 0.3173809148056773, 0.2927839880695905, 0.198645507725992, 0.34046348213370586, 0.22907510873642606, 0.25124280692454243, 0.23134923954100595, 0.25246090339846233, 0.2077627180116768, 0.23499442712785942, 0.17666502227838352, 0.24571106806655327, 0.24082151239401695, 0.2554965158430294, 0.20312384051789623, 0.22240849478541447, 0.20090226134405192, 0.24981082003010943, 0.2650037098133568, 0.24141125296911362, 0.2242523688765904, 0.2412473051569239, 0.22172352258278163, 0.2663894492484219, 0.27930756628560904, 0.25377250974433607, 0.2709867890459846, 0.24520729284887607, 0.2737483032814024, 0.29001531793598584, 0.18255996940381933, 0.20073560313749436, 0.2272046704449818, 0.27946669169247906, 0.1681628483870396, 0.22187853004448163, 0.2766900279335524, 0.21385310079922204, 0.24005254298712475, 0.2842568668464627, 0.3052529704028975, 0.261958789940157, 0.3231408085664698, 0.2973425547613099, 0.2723270166065708, 0.2583575609530919, 0.2659073615857534, 0.2604120108529983, 0.23504109781839236, 0.28781593340022626, 0.28856666498236244, 0.198161535556459, 0.27628192868243356, 0.26186968691652635, 0.2942968425185794, 0.3374051587583532, 0.24730960550260173, 0.2724733943532939, 0.21696788136702538, 0.2234300990555272, 0.2727162791116622, 0.2641412586071683, 0.2191095500423215, 0.21489555408377745, 0.22361321228399816, 0.3135813544182821, 0.26309587619801306, 0.24748225280516015, 0.3011588187885159, 0.2553620577040154, 0.2216079458415661, 0.24234902384371496, 0.2753986666093421, 0.22970884431701716, 0.1886941747501513, 0.2613612042964534, 0.20013931905278765, 0.21350002658187234, 0.26878861646645213], "auc": [0.8336805555555555, 0.7793402777777778, 0.7288194444444445, 0.7961458333333333, 0.7238194444444445, 0.7439930555555555, 0.7998611111111111, 0.8092708333333332, 0.7503124999999999, 0.7802777777777777, 0.7771527777777777, 0.7017361111111112, 0.7749305555555555, 0.6990277777777778, 0.7574652777777776, 0.7489583333333333, 0.8249652777777778, 0.8767361111111112, 0.7908333333333334, 0.8026041666666667, 0.8114930555555555, 0.8453125, 0.7975694444444446, 0.7786458333333334, 0.7861805555555555, 0.7940277777777778, 0.7566319444444445, 0.7970833333333333, 0.7984375, 0.8123263888888889, 0.8254513888888889, 0.7388541666666666, 0.8007986111111112, 0.8103125, 0.8160416666666667, 0.7444791666666667, 0.8252083333333333, 0.6414236111111111, 0.8016666666666666, 0.8170138888888888, 0.8168402777777778, 0.7856597222222222, 0.7807291666666667, 0.7723958333333334, 0.8290277777777778, 0.8240972222222221, 0.7976736111111111, 0.8162152777777777, 0.8264236111111112, 0.8027083333333334, 0.7915277777777778, 0.6727777777777778, 0.771076388888889, 0.7536805555555556, 0.8134722222222222, 0.7528125000000001, 0.7565972222222223, 0.8212847222222223, 0.7757638888888889, 0.738576388888889, 0.8067013888888888, 0.829201388888889, 0.8158333333333334, 0.8824305555555556, 0.7959375000000001, 0.7922569444444445, 0.7778125, 0.840138888888889, 0.8143402777777778, 0.7361805555555556, 0.8285763888888888, 0.7860416666666666, 0.717013888888889, 0.8566319444444445, 0.8448958333333335, 0.8112499999999999, 0.8733333333333333, 0.8172569444444444, 0.8099305555555555, 0.8274305555555556, 0.7899652777777778, 0.7984722222222221, 0.8068402777777778, 0.7669444444444444, 0.7555208333333334, 0.791875, 0.8044791666666666, 0.8417013888888888, 0.8556597222222222, 0.8390625, 0.7667361111111112, 0.7702777777777776, 0.8087847222222223, 0.8911805555555555, 0.7886805555555556, 0.7547916666666666, 0.8023611111111112, 0.8038541666666668, 0.8068402777777778, 0.7671180555555556], "log_prob": [-101.46554565429688, -114.4285659790039, -117.42522430419922, -110.77689361572266, -126.7103271484375, -121.05174255371094, -105.2670669555664, -120.83770751953125, -118.67359924316406, -113.87478637695312, -117.20612335205078, -138.07168579101562, -124.50152587890625, -135.05426025390625, -131.28582763671875, -116.68086242675781, -103.7490234375, -97.43314361572266, -111.26395416259766, -111.73785400390625, -111.58602142333984, -99.87734985351562, -104.73542785644531, -115.97272491455078, -104.76332092285156, -111.11412811279297, -118.78431701660156, -114.1427001953125, -110.67195129394531, -112.22093200683594, -108.45217895507812, -118.072998046875, -113.76618194580078, -109.34278106689453, -106.37692260742188, -119.78575134277344, -112.3599624633789, -128.9468994140625, -113.85514068603516, -109.15431213378906, -107.95579528808594, -111.52308654785156, -112.95274353027344, -114.60787963867188, -102.05905151367188, -101.78559875488281, -110.61779022216797, -104.45994567871094, -108.6146240234375, -108.8646469116211, -112.66445922851562, -123.09953308105469, -119.79542541503906, -118.05206298828125, -105.08792877197266, -120.78046417236328, -118.11511993408203, -106.26051330566406, -114.63758850097656, -121.59778594970703, -106.95320129394531, -99.96905517578125, -108.40475463867188, -92.23263549804688, -105.1578140258789, -107.94520568847656, -110.3095474243164, -105.22830963134766, -106.58000183105469, -118.59234619140625, -101.416259765625, -110.404296875, -119.00914764404297, -101.00727081298828, -100.84105682373047, -105.41899108886719, -89.84178161621094, -106.23233795166016, -104.554931640625, -106.37952423095703, -114.21391296386719, -106.91737365722656, -114.9704818725586, -116.75630187988281, -114.81365203857422, -119.70431518554688, -106.53431701660156, -103.10029602050781, -105.10415649414062, -101.08922576904297, -128.73049926757812, -115.31230163574219, -111.47645568847656, -92.04695129394531, -116.20399475097656, -120.54833984375, -108.57829284667969, -113.6579360961914, -108.01947021484375, -113.15933227539062]}