{"e_shd": [26.968000411987305, 36.987998962402344, 62.90399932861328, 46.63800048828125, 36.7760009765625, 41.38800048828125, 36.58000183105469, 41.54600143432617, 56.33000183105469, 28.32200050354004, 31.40999984741211, 36.0359992980957, 39.5099983215332, 56.24599838256836, 63.10599899291992, 54.36600112915039, 57.428001403808594, 37.95199966430664, 59.91600036621094, 25.31800079345703, 44.32600021362305, 50.35599899291992, 27.902000427246094, 42.97800064086914, 43.939998626708984, 32.97999954223633, 54.327999114990234, 52.959999084472656, 36.05400085449219, 45.349998474121094, 48.09400177001953, 43.83599853515625, 45.84600067138672, 62.327999114990234, 59.84199905395508, 48.18199920654297, 58.77199935913086, 47.06800079345703, 51.16600036621094, 43.066001892089844, 55.130001068115234, 39.757999420166016, 51.79199981689453, 36.30400085449219, 48.85200119018555, 68.26399993896484, 43.83000183105469, 61.85200119018555, 37.08599853515625, 50.619998931884766, 43.768001556396484, 60.28799819946289, 37.518001556396484, 39.821998596191406, 57.7239990234375, 39.99599838256836, 47.08000183105469, 63.98400115966797, 62.56399917602539, 47.54800033569336, 37.534000396728516, 57.74800109863281, 37.90599822998047, 30.959999084472656, 64.18199920654297, 56.332000732421875, 31.986000061035156, 36.512001037597656, 59.198001861572266, 65.47599792480469, 52.597999572753906, 36.672000885009766, 57.80400085449219, 48.16999816894531, 35.917999267578125, 64.7040023803711, 45.33399963378906, 56.375999450683594, 44.380001068115234, 29.280000686645508, 57.83399963378906, 39.27199935913086, 69.21399688720703, 54.16400146484375, 35.183998107910156, 66.08999633789062, 44.737998962402344, 30.75200080871582, 63.571998596191406, 46.70199966430664, 49.52000045776367, 43.34199905395508, 66.06600189208984, 43.19200134277344, 61.32400131225586, 40.74800109863281, 58.68000030517578, 62.178001403808594, 55.15399932861328, 50.80799865722656], "e_f1": [0.32186479892020564, 0.2632924012673267, 0.2279286922363293, 0.2605901059555697, 0.24643408870395023, 0.258115191976944, 0.2806055466105131, 0.2630904104192944, 0.3075638450164727, 0.3391879200138801, 0.26372602610287244, 0.24620248386465116, 0.32147800878501015, 0.22054274208767272, 0.2569570760678703, 0.24798793385215528, 0.23128051240387115, 0.2760849300444439, 0.24144426850864872, 0.3540863691297034, 0.24628735125296175, 0.2465661421157737, 0.3071971494179404, 0.22833021839746231, 0.26741653848602276, 0.2336370861945296, 0.29376697948175523, 0.251097700166637, 0.27998674726600054, 0.21725292910874203, 0.20914394550151974, 0.30176891862214383, 0.23710568643817703, 0.22462916558003598, 0.2058142746323753, 0.19438879455440702, 0.25506024802891336, 0.2225314312974841, 0.2284656078498337, 0.24795297726285875, 0.24921533632123477, 0.25093483728394383, 0.27206410913852414, 0.24758210595470784, 0.3102417800918231, 0.22458479359529265, 0.31367646368979824, 0.22698545965500402, 0.302521830927301, 0.24289350295844145, 0.2649213853861529, 0.21063790897813026, 0.2597537646625843, 0.21536607795465965, 0.1909940499960208, 0.25294855949360867, 0.26549593225727, 0.19969954634635345, 0.2585953604330562, 0.20585921965451348, 0.2412421842268352, 0.2073270591220219, 0.24099483226188287, 0.19770971607032115, 0.1789283975605858, 0.20262991115909046, 0.2835939720988757, 0.2371733487852319, 0.27057538915926305, 0.26504032677634304, 0.24238306541933594, 0.2070552666677152, 0.23485513942448888, 0.23164928177813032, 0.2206271818833468, 0.19089944704156897, 0.27359665818149004, 0.2052644611837439, 0.20146470327696978, 0.2207697572970905, 0.28094423069292945, 0.23660006826061053, 0.19043846293618755, 0.20554000228493643, 0.20126178937905428, 0.2180836783057647, 0.19948042193799542, 0.26110990871252115, 0.21803000804732373, 0.2505134073948168, 0.247947483864718, 0.2440895152918045, 0.19545013217624718, 0.24547647410126439, 0.25763417146375817, 0.21201497908555195, 0.19815613222106346, 0.205856983388042, 0.22226060682263646, 0.2569986167787126], "auc": [0.8541447368421053, 0.8484266666666667, 0.7239425418758388, 0.7421691881525675, 0.8220633502134843, 0.6878669275929549, 0.791981981981982, 0.7804162648666023, 0.8254581045076396, 0.9093421052631578, 0.81998556998557, 0.826829510475623, 0.8439622961956522, 0.7198857142857142, 0.8236791691873361, 0.7858176119582907, 0.7638353671590665, 0.7924206661421453, 0.7365015496710348, 0.894407894736842, 0.7782741419105057, 0.7493349295025273, 0.8144239226033421, 0.7836264552885805, 0.8290564117476011, 0.8163714034426436, 0.76678465082308, 0.7661985413778554, 0.7841312056737588, 0.7820234651237544, 0.7568009091554799, 0.8516152362584378, 0.7809319569642339, 0.6626049955791334, 0.7175248762981895, 0.7457291666666667, 0.8087422634836428, 0.8047034021517883, 0.7429169992019155, 0.7173336547733848, 0.8205196496212123, 0.7897109396784089, 0.7872758535986244, 0.8622562056737589, 0.7666204568742089, 0.7432526467518266, 0.8288888888888889, 0.7704611330698288, 0.8447346407658705, 0.7636636049768746, 0.7748618784530388, 0.7462975243147657, 0.8442513368983957, 0.8280542986425339, 0.7149543578115006, 0.72151237544198, 0.7698213193831102, 0.8104528058054575, 0.820301472070982, 0.7744769562951381, 0.8299563156427179, 0.7606045283442889, 0.8050595238095238, 0.8268421052631579, 0.7199472990777339, 0.7780336526651929, 0.8189033189033189, 0.7996226789792473, 0.7721212121212121, 0.7533333333333333, 0.7931709963233078, 0.8557243570648396, 0.7704517704517705, 0.7722896281800391, 0.8818705673758865, 0.7368676794025881, 0.8363520136373322, 0.8035001966402606, 0.7662230919765166, 0.76196758386732, 0.7674026630709591, 0.8219259510869564, 0.6983135704874835, 0.7012519561815337, 0.7133754432624113, 0.7255637254901961, 0.8021243115656963, 0.7054549648252796, 0.7679869186046512, 0.7851054762412103, 0.7885075818036711, 0.8395528083028083, 0.7865686274509803, 0.7683365949119373, 0.8349445041174364, 0.7283457880434783, 0.6797572897353784, 0.7436576750160566, 0.7845946401483229, 0.7973378447395302],