{"e_shd": [70.5999984741211, 62.125999450683594, 66.83200073242188, 66.50800323486328, 62.25600051879883, 62.72200012207031, 64.197998046875, 65.77400207519531, 67.98200225830078, 63.827999114990234, 67.86199951171875, 62.347999572753906, 67.25599670410156, 63.849998474121094, 65.99800109863281, 66.47200012207031, 64.01200103759766, 63.62799835205078, 67.11599731445312, 63.77399826049805, 65.73799896240234, 62.944000244140625, 66.92400360107422, 67.22000122070312, 68.48200225830078, 65.83799743652344, 65.56800079345703, 64.052001953125, 63.880001068115234, 62.45199966430664, 65.37999725341797, 64.052001953125, 70.54199981689453, 67.24800109863281, 66.60399627685547, 68.63600158691406, 66.71399688720703, 63.88600158691406, 65.49400329589844, 65.00399780273438, 69.51000213623047, 68.51599884033203, 63.87799835205078, 63.380001068115234, 65.50599670410156, 62.875999450683594, 61.53200149536133, 67.44200134277344, 68.67400360107422, 68.75800323486328, 64.68199920654297, 66.6760025024414, 65.3280029296875, 64.74800109863281, 64.26200103759766, 63.38199996948242, 63.63600158691406, 67.6520004272461, 67.66000366210938, 62.290000915527344, 63.63600158691406, 65.46399688720703, 69.66999816894531, 64.63200378417969, 69.5739974975586, 64.80000305175781, 63.763999938964844, 65.60199737548828, 64.79000091552734, 63.082000732421875, 68.55400085449219, 62.78799819946289, 64.76599884033203, 67.61399841308594, 66.78600311279297, 63.41600036621094, 64.31600189208984, 69.13999938964844, 68.72599792480469, 65.71199798583984, 64.802001953125, 64.73400115966797, 65.48400115966797, 69.98999786376953, 64.70600128173828, 64.77799987792969, 69.0, 69.85800170898438, 67.5, 64.22200012207031, 65.47799682617188, 63.55799865722656, 66.0199966430664, 66.49800109863281, 70.08399963378906, 66.5780029296875, 63.19599914550781, 66.37000274658203, 67.56199645996094, 63.74399948120117], "e_f1": [0.230255530522799, 0.30640855140714907, 0.2104903090244175, 0.21962537251941427, 0.25488332462903135, 0.27304294857776845, 0.2397624965738365, 0.21856610786003478, 0.18270365199153818, 0.2916355614181939, 0.18653498163402724, 0.30625514892552974, 0.21052102192853767, 0.2219064133029304, 0.2580551158316777, 0.1788444122415812, 0.26156094997978585, 0.27592373542418136, 0.23880639643845658, 0.2688012778195966, 0.2083761186536719, 0.2331695229970498, 0.22375537738537765, 0.2166883512877341, 0.18544635223913644, 0.2432335555361658, 0.2391584545373725, 0.2841330288588458, 0.25939548760658354, 0.23475780067607957, 0.2440580338811222, 0.26516309515247266, 0.20165581879287212, 0.20854795657379843, 0.22759309036150432, 0.18988932700268432, 0.2055062780850302, 0.221378262940039, 0.2435531202170788, 0.2671092089806139, 0.2066396204917392, 0.22368592217909047, 0.21731533799156993, 0.24449594477386166, 0.24853976330190358, 0.2597050467872699, 0.31346445128167155, 0.20417861938201484, 0.19611511261689044, 0.20666637280706884, 0.23937240101947743, 0.2427806411914632, 0.2185536451164848, 0.20943070750002066, 0.25084415720675035, 0.2712095819578648, 0.2786902467491269, 0.22783635805471966, 0.24108366455400343, 0.3102944088979773, 0.27156115303460127, 0.22950609971670893, 0.19076728707396734, 0.21668138852698904, 0.22180301853110126, 0.206065786338044, 0.29940460615451814, 0.23637366402580506, 0.20968552308098942, 0.22799140756058386, 0.17124162956272057, 0.24982647820076256, 0.22848431901019245, 0.22375479923075534, 0.2539756734345091, 0.26866665603264134, 0.26218815735550527, 0.20205481229814096, 0.20360031526953828, 0.23680465750082674, 0.22918957238096727, 0.2570847017937066, 0.23647891221964437, 0.26153021173306534, 0.2684399699544455, 0.2189244617202829, 0.16382781745386307, 0.2091929398039137, 0.19009161647752798, 0.23355105194501447, 0.23548046152600943, 0.22085769962026142, 0.2541833221605635, 0.238999335063188, 0.19885926331692053, 0.21703073825743377, 0.30266994180869106, 0.2641345702159454, 0.17326676430412782, 0.26907889889015146], "auc": [0.6932843137254902, 0.8284558823529411, 0.7501715686274509, 0.7588725490196079, 0.7987745098039216, 0.8245833333333333, 0.7595343137254902, 0.7857107843137254, 0.7302450980392157, 0.8105147058823529, 0.6868627450980391, 0.7985294117647059, 0.7512254901960784, 0.7510294117647058, 0.7701225490196079, 0.731078431372549, 0.8301225490196079, 0.8106862745098039, 0.7169362745098038, 0.7588235294117647, 0.7607598039215687, 0.7284558823529413, 0.7400735294117646, 0.8069607843137254, 0.7519607843137255, 0.789656862745098, 0.7820833333333334, 0.8275245098039216, 0.7717892156862743, 0.7898039215686274, 0.7895588235294118, 0.7479166666666666, 0.6596078431372548, 0.7200980392156863, 0.7294607843137255, 0.7464950980392157, 0.7529411764705882, 0.7925, 0.7919362745098039, 0.8086519607843137, 0.7045343137254901, 0.7525245098039215, 0.80125, 0.8087990196078431, 0.7602941176470588, 0.8046813725490196, 0.8254411764705882, 0.743970588235294, 0.7393137254901961, 0.7480882352941176, 0.7107107843137255, 0.7724754901960784, 0.7339705882352942, 0.7625735294117647, 0.7545588235294118, 0.8238480392156864, 0.7482598039215685, 0.7762500000000001, 0.7630147058823529, 0.8162745098039216, 0.7993627450980393, 0.7643137254901962, 0.7133823529411765, 0.7715931372549021, 0.7697794117647059, 0.7757352941176471, 0.7238725490196078, 0.7541911764705883, 0.787328431372549, 0.7927941176470589, 0.701813725490196, 0.7924754901960783, 0.8285539215686274, 0.7622794117647061, 0.6947549019607844, 0.7712745098039215, 0.8254411764705882, 0.7345098039215686, 0.7357107843137255, 0.7116421568627451, 0.7507107843137255, 0.7469117647058824, 0.7699509803921568, 0.770220588235294, 0.6933578431372549, 0.7232598039215686, 0.6825735294117647, 0.7407598039215686, 0.7493627450980392, 0.7939950980392156, 0.7874019607843137, 0.7514705882352941, 0.7704166666666666, 0.7654656862745097, 0.7496813725490196, 0.7467401960784313, 0.8028186274509804, 0.8074754901960783, 0.7359313725490195, 0.8113970588235294],