{"e_shd": [30.437999725341797, 31.389999389648438, 31.760000228881836, 32.55400085449219, 28.61199951171875, 32.87799835205078, 29.756000518798828, 25.74799919128418, 30.718000411987305, 31.368000030517578, 25.77199935913086, 32.582000732421875, 29.61199951171875, 29.992000579833984, 31.073999404907227, 29.378000259399414, 26.8799991607666, 31.516000747680664, 29.33799934387207, 30.488000869750977, 29.95800018310547, 32.566001892089844, 29.540000915527344, 31.850000381469727, 26.854000091552734, 30.57200050354004, 26.93000030517578, 31.29800033569336, 30.43000030517578, 38.374000549316406, 29.535999298095703, 31.100000381469727, 30.93400001525879, 31.332000732421875, 29.777999877929688, 29.106000900268555, 28.368000030517578, 32.01599884033203, 30.461999893188477, 32.071998596191406, 31.31399917602539, 29.365999221801758, 30.81599998474121, 26.086000442504883, 29.729999542236328, 35.42399978637695, 29.83799934387207, 29.804000854492188, 26.850000381469727, 27.224000930786133, 30.577999114990234, 32.27000045776367, 29.488000869750977, 30.79199981689453, 28.652000427246094, 34.41999816894531, 33.22999954223633, 28.832000732421875, 28.979999542236328, 30.128000259399414, 27.875999450683594, 32.268001556396484, 33.64799880981445, 30.266000747680664, 29.77400016784668, 30.610000610351562, 34.125999450683594, 32.84600067138672, 32.82400131225586, 29.474000930786133, 32.3120002746582, 29.5, 31.573999404907227, 28.989999771118164, 32.25400161743164, 33.130001068115234, 30.167999267578125, 28.90399932861328, 26.841999053955078, 31.79599952697754, 32.34600067138672, 29.715999603271484, 32.236000061035156, 31.15399932861328, 31.1200008392334, 30.607999801635742, 30.535999298095703, 32.41999816894531, 31.459999084472656, 31.57200050354004, 25.6560001373291, 33.849998474121094, 31.66200065612793, 32.2400016784668, 32.70600128173828, 28.898000717163086, 26.59000015258789, 31.718000411987305, 29.378000259399414, 31.663999557495117], "e_f1": [0.20461788589429447, 0.2506710203267556, 0.228929330635903, 0.21417163498831912, 0.21325616012731438, 0.18824206872757754, 0.2580648958647888, 0.36993669319191597, 0.23458542360651427, 0.2635029052244208, 0.3524640186181954, 0.19322663699755954, 0.2720430720584177, 0.2533739988626525, 0.24980598430962084, 0.2736092028866265, 0.3218015023672506, 0.25834826919046916, 0.26857394088050895, 0.2138579521045764, 0.2293324921268779, 0.2620423448749649, 0.27121939178858145, 0.23150196381149601, 0.2770283138559914, 0.2964419502896682, 0.23276591732196186, 0.24614357008115348, 0.24553614581141947, 0.18634629305090827, 0.25469524518442166, 0.25979735570084106, 0.22899444404331046, 0.26568619375423225, 0.24271448439202278, 0.2763781312536291, 0.2487684446087963, 0.1759649768012176, 0.3123850828053402, 0.14890405072323787, 0.20621709897579701, 0.24871505288543427, 0.27272308755111646, 0.3450277834319901, 0.20877829955432964, 0.1878479559509227, 0.23429844026571117, 0.24230538865242873, 0.3000530643621343, 0.36339349158848333, 0.2305408998350395, 0.19806236219169648, 0.25289354648605594, 0.17488264508759938, 0.24329195728250233, 0.19634766011777988, 0.21073387894484785, 0.31209219477375755, 0.24550310131083086, 0.27226107096532365, 0.2951558704857366, 0.1943523209625413, 0.2070888521686911, 0.25411831921131617, 0.22415289632071694, 0.2562770973026981, 0.2200785816119159, 0.1944336566812363, 0.20495163102631261, 0.2288773566775118, 0.21471364147331376, 0.33647304805616407, 0.25704955359199666, 0.2851410475161803, 0.24478497670320604, 0.1872851678428195, 0.28548682335086334, 0.2271151905965031, 0.3502910078324586, 0.2115441145553581, 0.27688463174713196, 0.2351536655136229, 0.20399755844629408, 0.27177763042354913, 0.21141612545887592, 0.20884310999103933, 0.21852200600090613, 0.23119613811198103, 0.243918728532385, 0.24377928221921402, 0.34914797118126706, 0.16639380053153796, 0.23274056303208676, 0.23807923503314274, 0.22646352209750886, 0.2359555545832274, 0.34422300579851084, 0.2244459500694515, 0.27986337446401865, 0.21998509966103508], "auc": [0.7020394736842105, 0.7464473684210526, 0.8357894736842105, 0.7752631578947368, 0.8308552631578947, 0.7260526315789474, 0.7590789473684211, 0.8619736842105263, 0.8638157894736842, 0.8756578947368421, 0.8282894736842105, 0.7740131578947369, 0.8416447368421053, 0.7603947368421052, 0.868421052631579, 0.8188157894736843, 0.8986842105263159, 0.8194078947368422, 0.8952631578947368, 0.8516447368421052, 0.7744736842105263, 0.8292763157894737, 0.8310526315789474, 0.7401973684210527, 0.7729605263157895, 0.873421052631579, 0.8115131578947368, 0.8586184210526316, 0.8498684210526316, 0.7928947368421052, 0.8047368421052632, 0.8671052631578948, 0.7949342105263157, 0.8600657894736843, 0.8698684210526316, 0.8569078947368421, 0.799078947368421, 0.8071710526315791, 0.8944736842105263, 0.7209868421052632, 0.7431578947368421, 0.8383552631578947, 0.7913815789473684, 0.8892763157894736, 0.7898026315789474, 0.7211842105263158, 0.7788157894736842, 0.866578947368421, 0.886578947368421, 0.9029605263157894, 0.8692763157894737, 0.8022368421052631, 0.8176973684210527, 0.7863157894736843, 0.8179605263157894, 0.8238157894736842, 0.7948684210526316, 0.8123684210526316, 0.8107236842105263, 0.8430921052631578, 0.8126973684210527, 0.7870394736842105, 0.8018421052631579, 0.8336842105263158, 0.7951315789473685, 0.8004605263157895, 0.8430921052631579, 0.8042763157894737, 0.7813157894736842, 0.8883552631578948, 0.8136184210526315, 0.865921052631579, 0.8444078947368421, 0.9125657894736842, 0.8822368421052632, 0.8242763157894737, 0.9078289473684211, 0.7373684210526316, 0.8596052631578948, 0.8876315789473684, 0.866578947368421, 0.7984210526315789, 0.8413815789473684, 0.8565789473684211, 0.7379605263157896, 0.7886842105263158, 0.8263157894736843, 0.8851315789473684, 0.8386184210526317, 0.8190131578947368, 0.8547368421052631, 0.8028289473684211, 0.8956578947368421, 0.7996710526315789, 0.8340131578947367, 0.7848026315789474, 0.8895394736842105, 0.7961842105263158, 0.8411842105263158, 0.7627631578947368],