{"e_shd": [64.81999969482422, 51.08000183105469, 49.29999923706055, 53.29999923706055, 67.5199966430664, 57.97999954223633, 47.66999816894531, 54.459999084472656, 54.5099983215332, 55.83000183105469, 45.599998474121094, 41.619998931884766, 45.2400016784668, 62.5, 58.84000015258789, 45.689998626708984, 62.779998779296875, 51.77000045776367, 61.369998931884766, 63.68000030517578], "e_f1": [0.25450457377378444, 0.15087104653192207, 0.22681502830768893, 0.23538857609701425, 0.23349778697285717, 0.26698215531296027, 0.1718036576761318, 0.17800183842677939, 0.22321737360853133, 0.268178378010351, 0.23372118286011415, 0.11478371697154242, 0.23776107290297324, 0.2209930685367539, 0.2016329193088266, 0.19435927333065275, 0.3039518685394954, 0.20369026261795795, 0.22308715085113334, 0.27501259753058416]}