{"e_shd": [41.63999938964844, 39.619998931884766, 40.939998626708984, 39.7599983215332, 40.380001068115234, 39.29999923706055, 38.61000061035156, 41.66999816894531, 40.209999084472656, 41.939998626708984, 42.2400016784668, 40.61000061035156, 40.08000183105469, 40.0, 44.02000045776367, 41.81999969482422, 39.41999816894531, 42.93000030517578, 43.220001220703125, 41.09000015258789], "e_f1": [0.11353002169009657, 0.12862910347177223, 0.13022672051404124, 0.11856855066261064, 0.12142158188630484, 0.14047054843269252, 0.12824300341831246, 0.09693971954459302, 0.11203904966820617, 0.10210125297124818, 0.09118787289479602, 0.12185888213773925, 0.11063758801207041, 0.10508324501403454, 0.07039002198401084, 0.09134804084727283, 0.13014667301356558, 0.08562673706252683, 0.08309143748740447, 0.09621093698085087]}