{"e_shd": [57.88999938964844, 54.810001373291016, 57.380001068115234, 57.58000183105469, 54.619998931884766, 55.810001373291016, 54.650001525878906, 54.68000030517578, 52.650001525878906, 57.77000045776367, 57.040000915527344, 59.27000045776367, 53.58000183105469, 58.16999816894531, 52.45000076293945, 55.66999816894531, 55.209999084472656, 58.70000076293945, 58.02000045776367, 59.52000045776367], "e_f1": [0.22186167008096233, 0.2582389459015464, 0.23188641505332114, 0.23434038726394238, 0.2436239955957703, 0.24673836108127592, 0.2475570767774354, 0.2684157643074082, 0.2909541364675772, 0.21892721387882794, 0.22920745346843346, 0.21794435449244542, 0.275892663368465, 0.19835171135761748, 0.2705700911145982, 0.2203195674338724, 0.2537288751827752, 0.22226322760811637, 0.23060788280630562, 0.19817134845720472]}