{"e_shd": [45.279998779296875, 41.06999969482422, 45.790000915527344, 47.41999816894531, 42.810001373291016, 49.689998626708984, 46.08000183105469, 43.91999816894531, 43.45000076293945, 49.06999969482422, 39.5, 45.2400016784668, 45.849998474121094, 48.41999816894531, 45.0099983215332, 42.36000061035156, 46.38999938964844, 43.619998931884766, 45.540000915527344, 42.790000915527344], "e_f1": [0.17650419630977862, 0.24294623095210724, 0.1396532448158514, 0.1569360051375868, 0.22649776393325452, 0.12879677393243963, 0.1446446035347172, 0.17815261380776903, 0.21398874064548695, 0.12134896038082069, 0.2724422344720654, 0.18204410739547772, 0.19095212036845513, 0.13683221809077398, 0.17282823639683698, 0.22129670187961062, 0.16208244539717945, 0.2014912896387232, 0.17420489213642995, 0.19877812362216157]}