{"causal_qbeforel": {"e_shd": [12.612000465393066, 15.458000183105469, 21.076000213623047, 25.31999969482422, 12.293999671936035, 12.682000160217285, 21.1299991607666, 7.8480000495910645, 24.309999465942383, 13.336000442504883, 18.878000259399414, 11.442000389099121, 22.908000946044922, 9.904000282287598, 18.4060001373291, 14.013999938964844, 9.904000282287598, 22.874000549316406, 11.866000175476074, 24.049999237060547, 17.077999114990234, 11.470000267028809, 21.527999877929688, 12.645999908447266, 12.413999557495117, 13.109999656677246, 23.805999755859375, 11.355999946594238, 13.508000373840332, 23.530000686645508, 12.355999946594238, 11.741999626159668, 27.93000030517578, 22.04599952697754, 24.742000579833984, 22.125999450683594, 26.93600082397461, 13.925999641418457, 19.371999740600586, 21.996000289916992, 20.284000396728516, 11.263999938964844, 17.597999572753906, 13.166000366210938, 15.8100004196167, 10.144000053405762, 9.277999877929688, 19.3439998626709, 21.332000732421875, 13.979999542236328, 10.23799991607666, 22.965999603271484, 8.416000366210938, 23.350000381469727, 11.557999610900879, 12.803999900817871, 23.45599937438965, 22.131999969482422, 12.994000434875488, 8.645999908447266, 12.267999649047852, 12.753999710083008, 23.576000213623047, 23.68400001525879, 23.540000915527344, 20.847999572753906, 21.582000732421875, 13.14799976348877, 10.937999725341797, 11.710000038146973, 15.258000373840332, 23.04199981689453, 11.772000312805176, 20.77400016784668, 8.305999755859375, 13.829999923706055, 20.993999481201172, 27.06999969482422, 22.959999084472656, 11.767999649047852, 10.708000183105469, 15.09000015258789, 11.178000450134277, 19.124000549316406, 21.937999725341797, 21.18600082397461, 24.56599998474121, 20.59000015258789, 24.57200050354004, 22.31599998474121, 25.788000106811523, 10.241999626159668, 23.809999465942383, 13.935999870300293, 24.507999420166016, 12.621999740600586, 25.673999786376953, 23.746000289916992, 10.994000434875488, 10.265999794006348], "e_f1": [0.37371836596152386, 0.2571080189503335, 0.48860351118123535, 0.35724799994262246, 0.38244143463281605, 0.36174698712185044, 0.46295225327679934, 0.6300106753314089, 0.3833825861436151, 0.3378125433687045, 0.4180438032025734, 0.4110187434782454, 0.4156032721762826, 0.4994100313002682, 0.5210881748055249, 0.3006383408041487, 0.5210584780626333, 0.416777656062187, 0.4170217060270912, 0.39988224551238866, 0.5138849494280562, 0.42842496035276983, 0.4513974929945844, 0.4020971649901345, 0.3995418109324808, 0.35546747131129774, 0.4261842535846822, 0.42858081452804836, 0.3043479424450753, 0.41153370437497483, 0.4041556783759058, 0.3811904615985461, 0.2878348124824231, 0.44061774657279845, 0.3728308759610868, 0.44268266140875256, 0.31569152550565677, 0.31738744723974766, 0.5130479695638377, 0.4614963648087652, 0.4880656506344553, 0.42723091275081987, 0.48690169435580277, 0.3557051956277411, 0.21530121822330467, 0.46711285716048806, 0.5327387653918518, 0.516202300081571, 0.4653090306867167, 0.2938308165588419, 0.497440381496031, 0.4283941284077115, 0.5827445291359303, 0.40760825607700385, 0.43389482780138455, 0.355189566378044, 0.4068395938069766, 0.4471707920060272, 0.36866606619287196, 0.5739976053266765, 0.3954211666250622, 0.2817658068144445, 0.41167363913142685, 0.401466325557473, 0.3761250082730803, 0.49557150658249643, 0.46585057015243625, 0.3341025508831669, 0.45930316235790053, 0.44836594150559644, 0.22914839654679336, 0.43294541633651656, 0.44008279542891093, 0.47106101033214304, 0.5821022748458095, 0.3049788913890435, 0.33123856020276243, 0.31577316609182726, 0.41665404935280165, 0.41347283716892197, 0.48003631612585573, 0.25255662608228663, 0.452798079298047, 0.5193522906031368, 0.4467647883907839, 0.46999352744385275, 0.36373561581368097, 0.4842245273182616, 0.35031671916650886, 0.42842649906469776, 0.34912570315013763, 0.4975203500257787, 0.3972897827040931, 0.3347168766122745, 0.39384797816932327, 0.39424314757292683, 0.34019006189074386, 0.403456970853097, 0.4555989819884328, 0.47500906535784854], "test_loss": 0.27211000621318815}, "csiva": {"e_shd": [17.777999877929688, 17.851999282836914, 31.33799934387207, 31.649999618530273, 17.70599937438965, 17.81999969482422, 31.756000518798828, 17.733999252319336, 31.534000396728516, 17.761999130249023, 29.854000091552734, 17.642000198364258, 31.506000518798828, 17.788000106811523, 31.86199951171875, 17.922000885009766, 18.08799934387207, 31.520000457763672, 18.20599937438965, 31.513999938964844, 28.525999069213867, 17.729999542236328, 31.72800064086914, 17.743999481201172, 18.802000045776367, 17.81999969482422, 31.534000396728516, 17.892000198364258, 17.68000030517578, 31.964000701904297, 17.81599998474121, 17.58799934387207, 31.38599967956543, 31.652000427246094, 31.597999572753906, 31.582000732421875, 31.601999282836914, 17.8439998626709, 29.860000610351562, 31.643999099731445, 31.607999801635742, 18.42799949645996, 26.22800064086914, 17.833999633789062, 19.993999481201172, 17.79599952697754, 17.766000747680664, 31.606000900268555, 31.760000228881836, 17.711999893188477, 17.68400001525879, 31.527999877929688, 18.51799964904785, 31.804000854492188, 18.013999938964844, 17.88599967956543, 31.534000396728516, 31.775999069213867, 17.6299991607666, 17.673999786376953, 17.781999588012695, 17.72800064086914, 31.242000579833984, 31.530000686645508, 31.26799964904785, 31.84000015258789, 31.83799934387207, 18.260000228881836, 18.062000274658203, 17.770000457763672, 17.577999114990234, 31.809999465942383, 18.016000747680664, 31.479999542236328, 17.68600082397461, 17.974000930786133, 27.007999420166016, 31.535999298095703, 31.461999893188477, 17.583999633789062, 17.763999938964844, 17.576000213623047, 17.79800033569336, 31.634000778198242, 31.360000610351562, 31.441999435424805, 31.93199920654297, 31.447999954223633, 31.57200050354004, 31.908000946044922, 31.535999298095703, 17.70400047302246, 31.788000106811523, 17.856000900268555, 31.788000106811523, 18.145999908447266, 31.305999755859375, 31.700000762939453, 17.52199935913086, 17.857999801635742],