{"causal": {"e_shd": [0.0, 0.9399999976158142, 0.9700000286102295, 0.8500000238418579, 0.0, 1.0399999618530273, 0.0, 1.899999976158142, 1.0199999809265137, 0.0, 0.9399999976158142, 0.0, 0.0, 1.1100000143051147, 0.9800000190734863, 1.8600000143051147, 0.9399999976158142, 0.9399999976158142, 0.8600000143051147, 0.019999999552965164, 0.0, 2.119999885559082, 1.0499999523162842, 0.009999999776482582, 0.8999999761581421, 0.0, 1.0, 0.0, 1.0499999523162842, 0.0, 1.0700000524520874, 0.9399999976158142, 0.0, 1.0700000524520874, 0.9800000190734863, 1.0399999618530273, 2.0199999809265137, 1.0399999618530273, 1.0, 0.9900000095367432, 0.0, 0.0, 0.0, 1.0, 0.0, 0.0, 0.019999999552965164, 2.0199999809265137, 0.0, 0.9700000286102295, 0.0, 2.069999933242798, 0.009999999776482582, 0.0, 1.0800000429153442, 0.9599999785423279, 0.0, 1.0, 0.9200000166893005, 1.090000033378601, 0.0, 1.0199999809265137, 1.0, 0.0, 1.0399999618530273, 1.8600000143051147, 1.0700000524520874, 0.0, 0.0, 0.0, 0.0, 1.1299999952316284, 0.9200000166893005, 1.090000033378601, 0.0, 0.8600000143051147, 2.0299999713897705, 0.9200000166893005, 0.9300000071525574, 0.0, 0.0, 0.0, 0.9800000190734863, 0.0, 1.9800000190734863, 0.9399999976158142, 0.0, 2.0899999141693115, 0.8899999856948853, 1.059999942779541, 0.0, 0.8999999761581421, 1.0, 0.9700000286102295, 0.9599999785423279, 0.0, 0.0, 0.9200000166893005, 0.0, 0.0], "e_f1": [1.0, NaN, NaN, NaN, 1.0, NaN, 1.0, NaN, NaN, 1.0, NaN, 1.0, 1.0, NaN, NaN, NaN, NaN, NaN, NaN, 0.996, 1.0, NaN, NaN, 0.998, NaN, 1.0, NaN, 1.0, NaN, 1.0, NaN, NaN, 1.0, NaN, NaN, NaN, NaN, NaN, NaN, NaN, 1.0, 1.0, 1.0, NaN, 1.0, 1.0, 0.996, NaN, 1.0, NaN, 1.0, NaN, 0.998, 1.0, NaN, NaN, 1.0, NaN, NaN, NaN, 1.0, NaN, NaN, 1.0, NaN, NaN, NaN, 1.0, 1.0, 1.0, 1.0, NaN, NaN, NaN, 1.0, NaN, NaN, NaN, NaN, 1.0, 1.0, 1.0, NaN, 1.0, NaN, NaN, 1.0, NaN, NaN, NaN, 1.0, NaN, NaN, NaN, NaN, 1.0, 1.0, NaN, 1.0, 1.0], "test_loss": 0.10933652684092522}, "csiva": {"e_shd": [2.859999895095825, 2.819999933242798, 1.5800000429153442, 1.6200000047683716, 2.799999952316284, 1.899999976158142, 3.180000066757202, 2.559999942779541, 1.7000000476837158, 3.0199999809265137, 1.5, 3.119999885559082, 3.2200000286102295, 1.659999966621399, 1.7000000476837158, 2.6600000858306885, 1.7000000476837158, 1.5, 2.740000009536743, 3.0999999046325684, 2.880000114440918, 2.640000104904175, 1.6399999856948853, 3.1600000858306885, 1.7599999904632568, 2.9200000762939453, 1.7400000095367432, 2.7300000190734863, 2.859999895095825, 2.759999990463257, 1.7999999523162842, 1.659999966621399, 3.1600000858306885, 1.659999966621399, 1.4800000190734863, 1.6399999856948853, 2.4600000381469727, 1.5800000429153442, 2.7200000286102295, 2.7899999618530273, 2.4600000381469727, 2.869999885559082, 2.700000047683716, 1.659999966621399, 3.0999999046325684, 3.0799999237060547, 3.0799999237060547, 2.880000114440918, 2.8399999141693115, 2.9800000190734863, 2.940000057220459, 2.430000066757202, 2.8399999141693115, 3.4200000762939453, 1.7000000476837158, 1.7999999523162842, 2.799999952316284, 1.5199999809265137, 1.7400000095367432, 2.4600000381469727, 2.9800000190734863, 1.7300000190734863, 2.380000114440918, 2.440000057220459, 2.880000114440918, 2.740000009536743, 3.0, 2.619999885559082, 2.1600000858306885, 2.640000104904175, 2.9000000953674316, 1.8600000143051147, 2.5999999046325684, 1.7200000286102295, 3.0, 2.6600000858306885, 2.6600000858306885, 1.8799999952316284, 2.6600000858306885, 2.8399999141693115, 3.2200000286102295, 2.759999990463257, 1.7200000286102295, 2.7799999713897705, 2.819999933242798, 1.7999999523162842, 2.740000009536743, 2.259999990463257, 2.559999942779541, 1.5399999618530273, 2.9600000381469727, 2.700000047683716, 1.7400000095367432, 1.7400000095367432, 1.649999976158142, 2.9600000381469727, 3.0, 1.7799999713897705, 2.9200000762939453, 2.880000114440918], "e_f1": [NaN, NaN, NaN, NaN, NaN, NaN, NaN, NaN, NaN, NaN, NaN, NaN, NaN, NaN, NaN, NaN, NaN, NaN, NaN, NaN, NaN, NaN, NaN, NaN, NaN, NaN, NaN, NaN, NaN, NaN, NaN, NaN, NaN, NaN, NaN, NaN, NaN, NaN, NaN, NaN, NaN, NaN, NaN, NaN, NaN, NaN, NaN, NaN, NaN, NaN, NaN, NaN, NaN, NaN, NaN, NaN, NaN, NaN, NaN, NaN, NaN, NaN, NaN, NaN, NaN, NaN, NaN, NaN, NaN, NaN, NaN, NaN, NaN, NaN, NaN, NaN, NaN, NaN, NaN, NaN, NaN, NaN, NaN, NaN, NaN, NaN, NaN, NaN, NaN, NaN, NaN, NaN, NaN, NaN, NaN, NaN, NaN, NaN, NaN, NaN], "test_loss": 1.290723581314087}, "avici": {"e_shd": [0.0, 0.800000011920929, 0.949999988079071, 0.9700000286102295, 0.029999999329447746, 0.8799999952316284, 0.0, 2.109999895095825, 0.9900000095367432, 0.0, 1.0399999618530273, 0.0, 0.009999999776482582, 0.949999988079071, 1.0700000524520874, 2.430000066757202, 0.9599999785423279, 0.949999988079071, 1.090000033378601, 0.009999999776482582, 0.0, 2.2200000286102295, 0.8500000238418579, 0.009999999776482582, 0.8299999833106995, 0.0, 0.949999988079071, 0.0, 0.8100000023841858, 0.05000000074505806, 0.9900000095367432, 1.1100000143051147, 1.2300000190734863, 0.9800000190734863, 0.9900000095367432, 1.0099999904632568, 2.2100000381469727, 0.9599999785423279, 0.8799999952316284, 0.6800000071525574, 0.0, 0.009999999776482582, 0.0, 1.0399999618530273, 0.0, 0.38999998569488525, 0.019999999552965164, 2.140000104904175, 0.0, 1.0499999523162842, 0.0, 2.3499999046325684, 0.03999999910593033, 0.009999999776482582, 0.9399999976158142, 0.8899999856948853, 0.15000000596046448, 0.9900000095367432, 1.0399999618530273, 0.8700000047683716, 0.0, 1.0199999809265137, 0.9900000095367432, 0.0, 0.6100000143051147, 2.25, 0.8999999761581421, 0.0, 0.0, 0.009999999776482582, 0.0, 0.949999988079071, 0.7300000190734863, 1.1399999856948853, 0.0, 0.8899999856948853, 2.049999952316284, 0.9399999976158142, 0.9200000166893005, 0.029999999329447746, 0.0, 0.0, 0.8899999856948853, 0.009999999776482582, 2.049999952316284, 0.9200000166893005, 0.009999999776482582, 2.359999895095825, 0.8399999737739563, 1.0299999713897705, 0.009999999776482582, 0.8199999928474426, 1.0299999713897705, 1.0099999904632568, 0.9100000262260437, 0.0, 0.029999999329447746, 0.9300000071525574, 0.0, 0.0], "e_f1": [1.0, NaN, NaN, NaN, 0.9913333333333333, NaN, 1.0, NaN, NaN, 1.0, NaN, 1.0, 0.998, NaN, NaN, NaN, NaN, NaN, NaN, 0.9985714285714287, 1.0, NaN, NaN, 0.9985714285714287, NaN, 1.0, NaN, 1.0, NaN, 0.9905714285714285, NaN, NaN, 0.7895, NaN, NaN, NaN, NaN, NaN, NaN, NaN, 1.0, 0.9985714285714287, 1.0, NaN, 1.0, 0.9333333333333332, 0.9971428571428572, NaN, 1.0, NaN, 1.0, NaN, 0.9926666666666667, 0.9985714285714287, NaN, NaN, 0.976857142857143, NaN, NaN, NaN, 1.0, NaN, NaN, 1.0, NaN, NaN, NaN, 1.0, 1.0, 0.998, 1.0, NaN, NaN, NaN, 1.0, NaN, NaN, NaN, NaN, 0.9951428571428572, 1.0, 1.0, NaN, 0.9985714285714287, NaN, NaN, 0.998, NaN, NaN, NaN, 0.9985714285714287, NaN, NaN, NaN, NaN, 1.0, 0.9957142857142859, NaN, 1.0, 1.0], "test_loss": 0.12050744637846947}}